ID;REPORTING;SAS;TEXTM;MARKET;CADRAGE;NPROJET;ML;TOP
1001;14,33;19,04;12,87;16,38;15,5;6;9,383509403;0
1002;14,5;19,5;12,9;15,66;14,84;6;12,73375366;0
1003;14,5;19,5;12,18;16,5;11,79;3;9,819418938;0
1004;14,5;17,04;12,5;16,5;9,58;5;13,69425211;0
1005;11,27;9,78;12,5;11,4;15,5;6;10,81398366;0
1006;14,5;16,69;12,65;14,64;10,87;5;12,70552918;0
1007;14,58;15,47;12,5;13,4;8,81;5;6,244231932;0
1008;14,71;15,08;12,5;16,5;15,5;6;6,332982901;0
1009;14,5;17,93;12,78;16,5;11,55;5;15,23461736;0
1010;14,5;16,59;12,68;16,71;14,42;6;13,73564854;1
1011;14,5;18,06;12,49;14,59;14,37;6;12,10799441;1
1012;14,5;14,92;12,5;15,17;15,5;6;8,444703524;0
1013;14,5;19,5;11,49;16,5;11,2;5;8,58333647;0
1014;14,35;14,24;12,5;16,54;14,57;6;7,185790478;0
1015;14,5;19,5;11,61;15,7;8,43;5;6,395761448;0
1016;14,5;18,43;12,5;16,18;13,5;7;8,075674785;1
1017;14,4;15,08;12,5;16,23;15,73;3;9,324033857;0
1018;14,5;19,5;11,33;16,5;14;6;8,874568435;0
1019;14,68;14,27;12,5;16,5;14,48;6;7,380651236;0
1020;14,69;16,74;12,5;13,73;11,8;5;9,927536656;0
1021;14,5;17,49;11,15;15,01;11,35;5;12,01529192;0
1022;14,76;18,42;12,5;16,2;10,21;6;9,753643147;0
1023;14,5;14,12;12,5;15,62;7,68;5;10,24539659;0
1024;14,5;15,73;12,5;16,7;9,66;5;11,21689465;0
1025;14,5;19,68;11,98;16,5;11,88;5;13,22506342;0
1026;14,19;12,79;12,5;13,89;14,65;3;7,577280827;0
1027;14,77;14,25;12,5;16,15;15,05;6;14,98232121;0
1028;14,5;19,5;11,31;16,5;10,8;5;9,16909622;0
1029;14,5;18,17;11,32;16,55;11,4;6;12,51639602;0
1030;14,07;13,18;12,5;14,38;13,23;6;10,08052896;0
1031;14,21;15,6;12,5;15,62;14,18;6;8,750416243;0
1032;14,5;16,3;12,5;14,4;13,78;6;9,044754404;0
1033;14,5;19,72;12,5;16,5;15,9;6;10,77035184;1
1034;13,38;14,28;12,5;14,53;15,5;6;6,89725656;1
1035;14,5;17,07;12,5;16,5;15,04;6;9,969465203;1
1036;14,5;19,5;12,5;16,5;15,26;6;13,72561829;1
1037;14,46;17,1;12,5;16,5;12,19;6;13,9485248;0
1038;14,51;15,29;12,5;16,11;14,59;6;10,64355953;0
1039;14,5;16,69;12,5;16,5;12,26;6;13,79679059;0
1040;13,39;13,32;12,5;16,49;10,23;6;10,95442764;0
1041;14,5;18,73;12,19;16,22;13,17;5;10,9617173;0
1042;14,5;16,24;12,5;16,66;11,12;5;13,65062695;0
1043;14,5;16,75;12,5;13,74;10,83;5;13,02269213;0
1044;14,81;14,46;12,5;14,05;15,5;6;7,490918079;0
1045;14,5;19,5;11,61;16,5;12,29;5;4,95613309;0
1046;14,5;15,04;12,5;15,98;9,91;5;13,59577424;0
1047;13,74;14,31;12,5;16,5;15,11;6;9,884697595;0
1048;14,5;19,5;10,73;16,04;12,83;6;11,04159835;0
1049;14,5;19,5;12,9;14,47;15,5;6;14,01028819;1
1050;13,04;11,65;12,5;15,36;15,72;6;11,21448443;0
1051;14,5;17,18;12,5;14,99;11,8;6;13,61793333;0
1052;14,37;16,9;12,5;15,91;13,08;6;9,375733888;0
1053;11,72;11,63;12,18;12,18;13,76;5;12,60367639;0
1054;13,99;14,57;12,5;16,5;15,5;3;13,36668913;0
1055;14,5;13,11;12,5;15,73;15,21;6;7,184814126;0
1056;13,17;17,96;12,5;16,81;13,95;6;14,67829274;1
1057;14,5;19,5;8,23;16,5;12,06;5;9,753064003;0
1058;13,8;13,39;12,5;12,89;15,5;6;13,57493635;0
1059;14,5;14,03;12,5;14,18;13,73;6;7,740911706;0
1060;14,5;16,75;12,5;14,81;15,5;6;13,46567058;1
1061;14,5;19,51;11,7;15,26;13,75;5;11,55000517;0
1062;14,5;15,28;12,25;15,76;12,28;6;6,426316716;0
1063;14,93;13,52;12,5;16,65;13,21;5;7,303934365;0
1064;14,91;16,74;12,5;15,05;11,39;6;7,454022894;0
1065;14,5;14,28;12,5;10,17;13,14;6;14,55747208;1
1066;14,5;19,79;12,55;16,53;7,99;4;6,743763994;0
1067;14,5;17,17;12,03;16,14;8,63;4;9,221533124;0
1068;14,01;16,07;12,5;13,55;11,23;5;9,677501192;0
1069;14,5;17,62;12,5;16,5;12,37;6;12,22971258;0
1070;14,5;19,65;12,5;16,5;15,5;6;10,12142053;1
1071;14,5;19,82;12,77;14,11;11;2;9,555221303;0
1072;14,5;16,81;12,5;16,5;13,26;6;13,25246235;1
1073;12,71;14,04;12,5;16,5;15,5;6;13,49358221;0
1074;14,5;18,64;12,5;16,5;11,55;5;9,020322127;0
1075;14,5;15,2;12,5;14,26;11,98;6;7,915552426;0
1076;14,5;18,74;12,98;13,32;15,5;6;13,45514918;1
1077;14,5;15,4;12,96;15,32;14,42;6;6,710225157;0
1078;14,5;17,86;12,5;16,38;10,82;6;6,451402322;0
1079;14,5;18,16;12,5;14,42;13,12;6;13,2451616;1
1080;14,5;16,26;12,5;16,15;15,5;6;8,826790747;0
1081;14,5;19,5;12,56;16,5;8,93;5;8,825053003;0
1082;14,5;16,7;12,5;16,96;12,52;7;13,55148265;0
1083;14,5;18,27;12,5;16,5;15,41;6;10,9743228;1
1084;14,49;13,35;12,5;16,39;15,94;6;10,81586371;0
1085;13,4;11,87;12,5;16,49;9,51;5;14,80331362;0
1086;14,5;19,5;11,41;16,5;8,65;4;11,61128733;0
1087;14,91;17,23;12,47;16,17;9,23;5;11,44982868;0
1088;14,5;16,15;12,5;13,82;15,5;3;7,107206255;0
1089;14,5;18,21;11,83;13,87;13,09;6;10,68371307;0
1090;14,5;17,17;12,89;16,5;15,5;7;9,974876797;1
1091;14,5;19,5;10,18;16,5;9,8;4;3,541957311;0
1092;14,5;19,5;9,27;16,75;10,96;4;3,387815037;0
1093;13,89;15,16;12,99;13,84;8,93;5;14,96783347;0
1094;14,5;19,5;11,53;15,76;9,6;4;12,79705484;0
1095;14,5;14,59;12,5;11,81;15,5;6;14,91168587;1
1096;14,87;15,37;11,74;10,75;10,85;5;9,276533952;0
1097;14,5;17,4;10,83;16,5;9,39;4;11,77457636;0
1098;14,5;18,42;12,5;16,5;14,85;6;14,45494499;1
1099;12,11;10,12;12,5;12,55;14,17;6;7,790411614;0
1100;14,5;19,91;11,94;16,12;10,87;5;8,586310629;0
1101;14,5;18,95;12,56;16,5;11,4;5;7,626253145;0
1102;13,68;15,74;12,5;11,4;13,36;6;6,000327504;1
1103;14,15;15,18;12,5;12,27;13,82;3;13,11827304;0
1104;14,5;19,5;12,16;15,37;13,81;5;11,09098856;0
1105;14,5;17,73;11,66;14,88;9,9;5;5,429530618;0
1106;14,5;19,5;11,8;16,12;10,49;5;11,89484321;0
1107;14,5;19,5;10,11;15,44;11,67;6;7,585239342;0
1108;14,5;19,5;11,59;16,5;9,89;5;7,968065843;0
1109;14,5;19,7;11,79;13,73;15,5;3;12,71914989;0
1110;14,5;19,18;12,25;15,6;13,03;3;9,005832097;0
1111;14,5;15,04;12,5;12,06;13,88;6;9,502629963;0
1112;14,5;19,5;9,19;16,61;9,44;4;2,804477252;0
1113;14,5;16,07;12,5;16,5;11,41;6;13,35368443;0
1114;14,5;19,5;12,5;13,87;15,38;6;7,579727251;1
1115;14,5;18,92;12,5;16,17;15,19;6;7,639913844;1
1116;14,5;14,03;12,5;14,52;10,79;6;8,748002686;0
1117;14,5;17,87;12,18;16,5;14,65;6;13,78802972;0
1118;14,5;19,5;12,5;16,5;12,87;6;13,40104832;1
1119;14,5;19,5;11,98;16,5;11,77;5;11,61932777;0
1120;13,99;13,42;11,94;15,14;15,5;6;11,88744742;0
1121;14,5;19,5;10,53;14,28;9,52;4;6,410037894;0
1122;14,5;19,5;11,09;16,64;14,25;5;11,94266896;0
1123;14,5;19,5;12,35;16,5;10,91;5;11,6417755;0
1124;13,63;15,55;12,5;11,16;13,96;6;6,072831495;1
1125;14,5;18,96;12,5;16,5;15,5;6;7,862532855;1
1126;12,7;12,52;12,5;16,5;15,5;6;6,474416017;0
1127;14,5;15,78;12,63;16,45;15,5;6;15,13912938;0
1128;14,5;18,2;12,79;13,58;14,71;5;10,40513524;0
1129;14,5;17,73;12,83;14,5;5,29;4;12,05984282;0
1130;14,5;19,05;12,5;16,46;12,83;6;13,80713081;1
1131;14,5;18,5;12,5;16,16;13,91;6;13,72681921;1
1132;14,5;17,16;12,5;16,5;11,91;6;8,352553956;0
1133;14,5;16,4;12,5;13,17;12,77;7;9,199627464;1
1134;14,5;19,5;10,89;16,5;11,67;5;10,77502249;0
1135;14,5;18,48;12,5;14,97;15,5;7;6,120731925;1
1136;14,5;19,63;12,5;16,77;12,25;5;14,86364129;0
1137;14,5;19,5;12,68;14,97;12,66;6;14,98239229;1
1138;13,1;14,2;12,5;12,65;15,54;6;11,66238326;0
1139;14,5;19,19;12,5;10,81;14,75;6;8,0870654;1
1140;13,12;13,28;12,5;16,06;11,57;6;9,157029346;0
1141;13,38;13,13;12,5;12,56;15,99;6;14,44960116;0
1142;14,5;19,5;12,03;16,5;12,44;6;12,59710342;0
1143;13,08;14,38;12,5;16,36;15,33;6;14,89617112;0
1144;14,5;17,24;12,03;15,79;12,72;6;6,668300732;0
1145;14,5;15,83;12,05;13,25;13,42;6;8,341627649;1
1146;14,5;19,08;12,27;16,5;14,27;5;9,902699173;0
1147;14,5;19,32;11,27;16,75;10,19;5;13,23776011;0
1148;14,5;17,38;11,53;16,8;13,94;5;7,960151481;0
1149;14,5;19,5;12,96;16,5;15,5;6;10,85647557;1
1150;14,5;19,5;11,09;15,68;8,69;4;10,5452721;0
1151;14,5;19,5;11,07;16,5;13,53;5;12,08574642;0
1152;14,5;19,26;12,5;13,93;11,63;5;13,49021286;0
1153;14,5;16,69;12,42;16,08;11,74;6;8,660466466;0
1154;14,44;17,74;11,84;13,9;15,86;6;6,8606385;1
1155;14,5;19,5;12,5;14,41;15,3;6;13,9235882;1
1156;13,71;16,47;12,5;11,66;14,48;5;14,30700505;1
1157;14,15;12,82;12,5;15,08;13,87;6;9,677039509;0
1158;14,5;19,5;10,78;16,5;10,52;4;12,12078633;0
1159;14,5;20;12,5;16,5;11,81;6;12,76597014;1
1160;14,5;19,5;10,16;15,1;8,41;4;3,471525509;0
1161;14,14;18,55;10,88;14,69;12,84;6;4,486565496;1
1162;12,27;7,62;12,5;16,5;15,5;7;7,342601212;0
1163;14,5;19,5;10,27;16,5;15,54;5;4,87055176;1
1164;14,5;16,77;12,5;16,19;11,56;2;10,65893906;0
1165;13,88;16,46;12,5;13,92;15,5;7;9,60685275;1
1166;14,5;16,29;12,83;16,5;11,38;5;7,960804991;0
1167;14,5;19,5;11,03;16,35;8,13;4;8,100139597;0
1168;14,86;16,74;12,97;13,63;14,07;6;12,34467842;0
1169;13;12,02;12,5;11,53;15,23;6;7,558972173;0
1170;14,5;15,72;12,5;13,14;15,31;6;6,319498979;0
1171;14,5;15,31;12,03;13,6;5,57;4;6,437062697;0
1172;14,5;19,47;10,9;16,52;12,44;5;8,570460831;0
1173;14,5;16,83;12,5;15,02;15,96;3;8,911886975;0
1174;14,06;13,76;12,5;16,5;15,5;6;7,133123592;0
1175;14,66;16,01;12,5;10,96;12,95;6;11,66273648;0
1176;14,5;16,33;12,5;11,8;15,11;6;9,431321918;1
1177;13,69;14,61;12,5;16,06;12,87;6;9,293083715;0
1178;14,5;18,05;12,5;16,45;13,4;6;13,36931293;1
1179;14,5;18,15;12,5;16,5;10,62;5;7,135813925;0
1180;14,41;15,99;12,5;14,09;12,86;6;13,47697887;0
1181;14,5;19,5;12,5;16,5;9,68;5;9,230634903;0
1182;14,5;16,14;12,5;13,23;13,01;6;8,768747331;0
1183;14,5;19,5;10,03;16,5;5,1;3;6,339729788;0
1184;14,5;19,5;11,69;14,37;13,86;5;8,67463669;0
1185;12,95;11,72;12,5;13,76;15,5;6;6,61233748;1
1186;14,5;17,11;12,5;16,04;15,5;6;10,28983964;0
1187;14,5;16,85;12,5;16,01;15,5;6;12,84307435;1
1188;14,5;19,28;12,09;11,53;8,87;5;10,07498473;0
1189;14,5;19,5;12,33;15,49;12,18;6;8,372086082;1
1190;14,5;17,81;12,5;16,5;13,5;6;10,18558461;1
1191;14,5;14,15;12,66;16,5;12,75;5;11,15050696;0
1192;14,5;19,76;12,82;16,5;14,24;6;12,98647717;0
1193;13,96;16,83;12,5;12,34;13,42;6;12,73198611;0
1194;14,5;19,5;11,48;16,32;15,08;6;6,6340235;0
1195;14,75;15,28;12,5;14,49;13,81;7;13,05065776;1
1196;14,5;18,42;13;13,84;10,57;5;13,00608123;0
1197;14,77;19,13;12,5;16,5;14,77;6;7,138414207;1
1198;14,69;17,63;12,76;12,95;12;5;13,84058072;0
1199;14,5;19,2;11,8;16,5;14,66;5;6,739086243;0
1200;14,5;18,49;11,85;16,5;10,99;6;14,11548632;0
1201;14,5;19,5;10,41;16,5;10,17;4;9,25163398;0
1203;12,02;9,08;12,5;10,97;15,5;6;7,682324958;0
1204;14,5;19,5;9,63;16,5;8,05;3;5,190968116;0
1205;14,5;17,2;12,5;11,69;10,77;5;12,91134456;0
1206;14,5;15,48;12,5;15,95;12,93;6;10,9092131;0
1207;14,5;19,5;11,25;15,94;9,59;4;7,86242856;0
1208;14,5;17,63;11,97;16,84;12,68;6;11,93920435;0
1209;14,5;18,84;12,5;15,74;15,5;6;12,26100897;1
1210;14,5;19,5;8,34;14,9;11,48;3;4,016381092;0
1211;14,5;19,63;12,94;15,7;15,5;7;6,607373985;1
1212;14,5;19,77;12,5;16,5;14,21;6;6,920317108;0
1213;14,5;19,5;12,73;16,5;13,42;5;14,01789767;1
1214;14,5;19,5;9,76;16,5;10,72;4;9,050878081;0
1215;14,5;17,13;12,97;14,27;11,95;5;13,82452638;0
1216;14,36;11,68;11,66;16,8;15,97;3;5,806526752;0
1217;14,5;19,5;11,84;16,19;15,87;6;10,23984616;1
1218;14,5;18,42;12,5;16,5;14,87;6;11,49201;1
1219;14,5;19;12,5;12,01;15,5;6;14,4557508;1
1220;13,61;13,38;12,86;16,5;11,42;6;9,680052137;0
1221;14,68;14,26;12,5;15,83;15,23;6;9,374728112;0
1222;14,5;15,62;12,67;12,54;11,02;2;7,29457036;0
1223;14,84;14,97;12,5;16,4;15,29;7;7,474838653;1
1224;14,8;18,52;12,91;16,05;14,11;6;9,066479798;1
1225;14,5;17,62;12,5;12,02;14,91;6;8,556365987;1
1226;14,31;12,75;12,5;16,5;14,36;6;8,657269798;0
1227;14,5;18,69;12,39;15,07;11,26;5;10,98380019;0
1228;13,53;13,6;12,5;14,42;14,85;6;8,096590299;0
1229;14,5;19,5;12,2;16,5;11,73;5;12,95844497;0
1230;14,5;17,88;11,78;15,24;11,11;6;8,285602298;0
1231;14,5;16,51;12,5;15,06;12,5;5;12,57830839;0
1232;14,03;14,28;12,5;16,5;14,57;6;14,5015216;0
1233;14,5;17,52;12,13;13,61;15,81;6;10,31306047;1
1234;14,5;17,8;12,78;16,06;14,4;6;11,48013247;1
1235;13,37;13,14;12,5;16,46;10,3;5;12,5234499;0
1236;14,5;19,04;12,5;16,5;10,54;5;8,480665432;0
1237;14,5;12,4;12,5;16,5;15,73;6;14,07016196;0
1238;13,12;12,42;12,5;13,61;15,5;6;8,459225436;0
1239;14,79;15,67;11,4;12,1;13,09;6;5,452611704;0
1240;13,48;16,07;12,5;11,89;12,04;6;9,320891236;0
1241;14,5;18,57;10,27;13,24;11,24;5;10,43606257;0
1242;14,5;19,5;11,98;16,85;11,12;4;6,179278932;0
1243;14,5;19,1;11,86;16,5;10,31;4;10,92328035;0
1244;14,58;16,53;12,5;11,74;14,74;6;13,3913903;1
1245;14,54;12,36;12,5;15,48;11,49;3;6,021620851;0
1246;14,5;18,81;11,64;16,5;13,31;6;10,69912625;0
1247;14,5;19,5;11,74;16,5;13,96;6;12,80645049;0
1248;14,5;19,5;12,35;16,66;13,69;5;6,655465105;0
1249;13,04;14,78;12,5;12,42;8,45;5;12,74610159;0
1250;14,5;19,5;9,91;16,5;14,06;5;4,554240617;0
1251;14,57;16,7;12,5;15,35;10,68;5;10,75103562;0
1252;14,5;16,84;12,5;15,42;9,92;5;7,68493058;0
1253;14,5;18,36;12,5;12,29;12,22;5;8,871150637;0
1254;14,5;19,5;12,5;16,5;12,58;5;10,93294829;0
1255;13,03;12,7;12,5;14,36;15,5;6;6,867201614;0
1256;14,5;18,13;12,5;16,5;14,49;6;14,41404399;0
1257;14,5;18,01;12,5;16,5;13,32;6;9,393550931;0
1258;14,5;18,7;12,5;14,62;9,55;5;7,338087601;0
1259;14,5;17,72;12,5;16,72;11,75;6;6,305941616;0
1260;14,5;17,63;11,34;15,23;10,66;5;8,047356726;0
1261;14,5;19,5;12,5;16,5;12,71;6;6,358508038;0
1262;14;13,32;12,5;16,55;14,52;6;11,31590132;0
1263;14,5;16,25;12,5;14,81;12,16;6;13,83571426;0
1264;14,5;17,14;12,51;14,45;11,62;5;12,82766919;0
1265;14,5;18,71;12,81;16,5;15,5;6;9,867070488;1
1266;14,5;19,5;11,19;16,5;9,06;5;9,335077506;0
1267;14,5;19,91;12,5;16,5;15,5;6;9,899381468;1
1268;14,5;18,75;12,5;14,98;15,5;6;12,4327383;1
1269;12,09;12,16;12,5;15,37;13,44;7;14,15040276;0
1270;14,5;19,11;12,95;16,5;15,5;6;7,181051995;1
1271;14,5;14,87;12,5;16,5;12,54;2;14,60902595;0
1272;14;16,57;12,5;16,5;14,83;7;7,110701502;1
1273;14,5;18,26;12,41;11,5;12,98;5;8,947615216;0
1274;14,5;16,55;12,98;13,76;15,5;6;8,774166629;1
1275;14,63;18,56;12,5;14,35;15,83;6;14,69213908;1
1276;14,5;17,43;12,5;16,42;15,5;6;9,484970723;1
1277;14,45;17,14;12,5;15,48;15;6;8,643358364;1
1278;14,39;15,33;12,5;12,92;9,37;5;9,182123823;0
1279;14,5;19,5;11,83;16,5;15,4;6;9,713232902;0
1280;14,09;14,25;12,5;11,37;15,68;6;11,79189864;1
1281;14,5;19,76;12,93;13,84;14,58;6;10,84028973;1
1282;12,77;12,95;12,5;10,61;14,61;6;9,776602181;1
1283;14,5;17,5;12,9;13,92;13,14;5;12,27864038;0
1284;14,5;18,33;12,5;15,16;8,18;5;6,35150772;0
1285;13,01;10,33;12,5;10,8;15,61;7;13,71337685;0
1286;14,22;13,63;12,5;14;11,86;6;11,37851219;0
1287;14,5;17,37;10,98;15,46;10,51;5;9,51509081;0
1288;14,5;18,06;12,06;16,18;15,5;7;10,69930148;1
1289;14,5;19,49;12,5;16,5;15,5;6;9,196295735;1
1290;14,5;15,84;12,5;12,66;15,57;6;7,376728346;0
1291;14,5;14,79;12,5;15,84;15,5;6;8,384461793;0
1292;14,5;19,25;12,5;14,2;12,4;6;14,26807941;1
1293;13,75;12,61;12,5;16,5;15,5;6;14,65975603;0
1294;14,5;17,86;12,5;13,53;15,5;6;10,71920466;0
1295;14,5;17,59;12,84;15,95;11,69;5;10,07982357;0
1296;14,5;19,68;11,44;16,5;9,41;5;7,090505494;0
1297;12,92;11,25;12,5;10,68;15,5;6;14,5831523;0
1298;14,5;17,64;12,64;10,91;14;6;9,523544339;1
1299;14,11;14,7;12,8;13,07;12,05;5;9,209800395;0
1300;14,39;12,65;12,5;16,52;7,29;5;9,360245084;0
1301;14,5;19,14;12,5;16,5;12,09;6;9,264647442;1
1302;14,5;19,83;11,82;16,46;13,35;5;10,56400415;0
1303;14,5;19,5;10,94;16,5;13;5;7,147773022;0
1304;14,5;19,5;12,7;16,85;14,28;5;14,76828382;0
1305;14,5;14,59;12,5;15,37;14,82;7;7,042923417;1
1306;14,5;15,5;12,5;12,65;11,26;6;8,00682456;0
1307;14,5;16,29;10,6;16,97;5,74;3;7,1078823;0
1308;13,71;14,37;12,5;13,55;12,09;6;13,96343995;0
1309;14,5;18,82;12,36;15,91;12,82;6;12,90311295;1
1310;14,94;15,97;12,5;16,75;10,23;6;6,036954891;0
1311;14,5;19,96;12,77;13,47;8,92;5;11,58999789;0
1312;14,5;19,5;11,58;15,87;9,09;4;10,85742361;0
1313;14,5;19,5;9,08;16,5;8,09;4;8,944648736;0
1314;13,82;13,37;12,5;13,95;10,98;5;6,216782409;0
1315;14,95;16,86;12,5;15,87;11,92;5;7,499844653;0
1316;14,5;19,84;11,34;16,5;7,19;4;6,467239873;0
1317;14,5;19,5;12,23;14,06;9,61;5;12,61894944;0
1318;14,5;18,57;12,11;14,99;14,03;6;11,04334091;0
1319;14,5;19,5;12,43;14,71;13,25;5;6,996073387;0
1320;14,5;15,68;11,47;15,84;10,6;4;8,049042354;0
1321;14,5;17,19;12,89;12,84;13,11;2;7,86620915;0
1323;14,45;14,05;12,5;13,92;15,5;6;11,69255753;0
1324;14,76;14,28;12,5;15,24;10,76;6;14,37955626;0
1325;14,5;16,04;12,5;15,81;13,35;6;9,018351185;0
1326;14,5;19,5;10,91;14,59;10,45;4;7,174961659;0
1327;14,5;14,92;12,41;16,5;7,29;4;9,404392358;0
1328;14,5;19,88;12,58;16,1;12,92;6;12,14344932;1
1329;14,5;18,2;12,91;15,65;8,75;5;7,827854953;0
1330;14,5;18,35;10,95;16,5;13,64;5;11,68924446;0
1331;14,5;16,1;12,5;12,58;12,09;3;10,36434441;0
1332;14,5;17,98;11,06;15,28;7,59;4;7,783948484;0
1333;14,5;12,7;12,5;16,5;13,86;6;10,25358325;0
1334;14,5;16,87;12,5;15,87;14,38;7;12,07435372;1
1335;14,5;19,43;12,39;16,5;12,24;5;6,542952133;0
1336;14,5;19,5;11,8;16,5;8,77;4;13,72965041;0
1337;14,23;17,3;12,5;12,54;13,51;6;11,86434813;1
1338;14,41;15,58;12,5;16,5;15,87;6;12,04158819;0
1339;14,98;17,35;10,44;16,18;15,37;6;7,364049549;0
1340;14,5;17,16;12,22;15,94;14,65;7;9,95931528;1
1341;14,43;15,61;12,5;16,01;13,42;6;9,838144736;0
1342;14,5;19,82;11,11;16,3;10,68;5;10,98910641;0
1343;14,5;15,42;12,5;16,22;15,28;6;8,305129797;0
1344;14,5;17,56;12,5;16,5;15,11;6;9,696293796;0
1345;14,5;15,74;12,27;16,5;13,88;5;10,621284;0
1346;14,5;16,92;12,5;14,96;11,92;6;8,544381498;0
1347;14,5;19,54;12,29;16,3;10,1;5;13,17882571;0
1348;14,5;19,5;10,8;16,5;11,92;2;11,40311507;0
1349;14,5;18,73;12,5;16,5;10,62;5;7,035421706;0
1350;14,5;15,06;12,5;16,81;11,82;5;9,39052779;0
1351;14,5;19,19;12,5;13,23;15,5;6;13,48587862;1
1352;14,5;19,3;12,82;15,42;8,14;4;12,49917076;0
1353;14,5;18,36;12,5;16,5;15,5;6;11,08240312;1
1354;14,5;18,69;10,84;16,5;13,65;6;10,09822288;0
1355;14,5;19,62;12,36;16,5;14,3;6;14,60163832;1
1356;14,5;18,3;12,5;16,5;13,7;6;13,77981369;1
1357;14,5;16,03;12,5;16,5;7,41;5;6,622589661;0
1358;14,5;19,5;12,74;16,92;11,93;5;12,44807438;0
1359;14,5;17,68;12,88;14,54;11,99;6;11,62064858;1
1360;13,36;12,47;12,5;10,04;15,45;6;7,930866457;0
1361;14,48;11,21;12,5;13,46;13,3;6;9,265601221;0
1362;13,15;12,5;12,5;10,47;13,89;6;14,52596712;0
1363;14,59;16,64;12,5;15,05;12,06;5;11,51294813;0
1364;14,5;19,5;11,28;16,5;11,81;5;11,76803336;0
1365;14,5;15,86;11,47;16,23;10,41;2;7,147150092;0
1366;14,5;18,6;12,5;16,5;10,82;5;12,94034725;0
1367;14,55;13,01;12,5;13,26;14,51;6;7,153289332;0
1368;14,5;19,5;9,61;16,5;10,45;3;4,155093282;0
1369;14,5;19,14;12,16;16,5;14,48;6;11,42581968;1
1370;14,5;17,63;12,5;14,77;15,5;6;6,245050308;1
1371;14,5;17,24;12,5;16,43;14,79;6;11,34089845;1
1372;14,5;19,71;12,58;16,5;12,92;5;11,47592283;0
1373;14,5;19,5;12,91;12,84;12,87;6;13,97036887;1
1374;12,15;12,07;12,5;8,26;15,53;6;12,42783313;1
1375;14,5;17,52;12,2;16,5;12,79;6;12,99515644;0
1376;14,5;16,12;12,5;16,5;13,09;2;8,482586013;0
1377;14,5;16,54;12,5;15,54;14,41;3;13,95153682;0
1378;14,64;18,05;12,73;13,6;11,08;6;12,73921315;0
1379;14,52;15,8;12,9;12,92;14,8;7;10,69726602;1
1380;14,5;19,5;10,95;15,13;9,73;4;10,26037179;0
1381;13,31;16,9;12,5;14,06;11,83;5;12,63147518;0
1382;14,5;17,01;12,5;16,5;13,32;6;7,697048023;0
1383;13,9;13,11;12,5;13,45;15,59;6;9,687602641;0
1384;14,5;18,53;12,5;16,5;12,61;5;8,073291477;0
1385;12,78;13,87;12,5;15,99;15,22;6;13,51611259;1
1386;13,21;13,62;12,5;12,45;14,43;3;7,286465244;0
1387;14,5;19,48;12,5;16,5;15,5;6;12,02559422;1
1388;14,5;16,94;12,23;16,5;10,55;6;13,42149079;0
1389;14,57;15,44;12,5;16,71;13,98;6;10,19596565;0
1390;14,71;16;12,88;16,5;12,35;6;8,205498553;0
1391;14,5;18;11,18;16,61;10,85;4;12,17457132;0
1392;14,5;18,96;12,93;16,5;11,57;5;7,508904448;0
1393;14,95;19,5;10,3;13,94;12,85;4;9,585940856;0
1394;14,44;15,91;12,5;16,38;15,5;6;14,70907501;0
1395;14,5;19,5;12,5;16,5;10,26;5;13,52769725;0
1396;14,5;19,5;12,5;16,5;13,21;6;13,11157129;1
1397;14,5;15,4;12,5;14,25;8,24;5;9,40776545;0
1398;14,5;19,5;12,5;15,47;9,37;5;14,42130334;0
1399;14,5;15,89;12,5;16,68;11,58;6;8,086932852;0
1400;14,5;19,5;12,5;16,5;12,55;5;8,174854002;0
1401;14,22;12,2;12,5;16,34;12,92;6;11,57879503;0
1402;14,5;19,5;10,34;13,97;10,82;5;11,77766659;0
1403;15;15,67;12,5;16,5;12,86;6;8,719868921;0
1404;14,5;17,87;12,5;16,47;8,67;5;14,64262798;0
1405;14,32;15,81;12,5;13,69;14,46;6;8,441504498;1
1406;14,74;13,68;12,5;14,07;11,04;5;12,04593802;0
1407;14,5;17,4;11,88;16,62;12,77;6;7,727843888;0
1408;14,5;19,5;12,37;15,45;11,3;5;12,46299916;0
1409;14,5;18,8;12,5;16,5;13,26;6;9,80858196;1
1410;14,5;16,09;12,5;13,07;13,68;6;11,98834689;1
1411;14,5;16,21;12,5;15,24;15,62;6;6,544130858;1
1412;14,5;15,12;12,5;16,5;14,98;6;9,110224863;1
1413;14,5;19,5;11,86;16,5;8,83;5;14,14968156;0
1414;14,5;16,22;12,5;16,5;15,5;6;12,11310743;0
1415;14,5;19,5;12,91;13,96;15,2;6;11,9465448;1
1416;14,99;14,47;12,5;13,52;10,77;3;12,40315385;0
1417;14,25;13,55;12,5;12,85;14,27;7;11,55501281;1
1418;14,5;19,77;11,3;15,17;8,48;5;10,76204135;0
1419;14,71;14,28;12,5;14,4;12,14;5;7,234754612;0
1420;14,5;19,5;12,15;16,5;8,47;4;7,88004417;0
1421;14,5;19,33;10,94;16,5;11,63;4;11,63221495;0
1422;11,86;11,12;12,5;11,43;14,11;6;10,33444319;0
1423;14,5;17,78;12,5;16,5;14,2;6;11,17413752;0
1424;14,5;18,84;12,5;15,6;12,32;6;6,456476219;0
1425;14,67;15,71;12;16,5;9,41;4;7,101762722;0
1426;14,5;19,76;12,3;15,87;8,2;5;12,61981065;0
1427;14,5;19,82;12,5;14,65;11,48;6;10,30715076;0
1428;14,88;16,8;12,5;15,71;15,58;6;14,60976874;1
1429;14,11;15,32;12,5;16,5;15,66;6;6,840365545;0
1430;13,69;14,25;12,44;14,94;11,4;5;10,35962176;0
1431;14,43;16,26;12,5;13,86;15,5;6;11,12657598;1
1432;14,5;19,5;11,39;16,51;12,4;5;11,26984211;0
1433;14,5;16,7;12,5;15,69;12,92;6;8,536295981;0
1434;14,99;15,52;12,5;13,6;13,76;6;10,17049995;1
1435;14,5;18,57;10,77;16,5;6,87;4;8,494910249;0
1436;14,5;15,7;12,5;15,99;11,81;6;14,56764966;0
1437;14,5;17,82;12,5;14,69;13,96;6;8,974037063;0
1438;14,5;19,5;11,73;16,02;15,5;5;8,152915796;0
1439;14,5;19,5;12,5;16,99;14,03;6;9,216519861;1
1440;14;17,47;12,5;16,5;15,5;7;9,757145114;1
1441;13,8;15,09;12,85;15,79;9,06;5;6,68433406;0
1442;14,5;17,77;12,5;16,6;15,5;6;6,856706163;0
1443;14,9;18,62;12,5;16,5;10,98;6;6,894934048;0
1444;14,5;17,82;12,5;12,67;11,95;5;6,397850963;0
1445;14,5;15,78;12,5;15,05;8,56;5;14,75712173;0
1446;14,5;19,03;12,5;13,61;12,61;6;7,326711196;0
1447;14,5;18,09;12,5;16,87;12,98;6;8,889081392;1
1448;14,5;14,72;12,41;16,5;12,45;6;9,643197094;0
1449;14,5;19,5;11,06;15,04;10,76;5;11,42840699;0
1450;14,5;16,33;12,5;14,55;12,07;5;9,851468682;0
1451;14,5;18,26;11,71;16,5;12,79;5;13,80730782;0
1452;14,5;18,56;11,28;16,3;10,95;5;12,4995481;0
1453;14,5;19,5;12,5;13,1;9,68;5;8,929278395;0
1454;14,5;17,84;12,5;15,83;14,89;6;7,591485951;0
1455;14,5;18,33;12,1;16,5;15,5;6;13,08832015;1
1456;14,5;19,29;11,95;16,04;9,84;5;13,05064767;0
1457;14,5;17,51;12,5;16,3;13,32;3;11,75260225;0
1458;13,4;10,7;12,5;14,67;15,84;6;13,6979537;0
1459;14,5;17,53;12,5;13,95;11,9;6;9,239542519;1
1460;14,5;19,5;10,36;16,5;15,05;6;10,40630081;1
1461;14,38;12,27;12,5;16,72;12,39;6;7,275412377;0
1462;13,07;11,15;12,5;11,36;14,81;6;10,16381868;0
1463;14,5;18,31;12,5;16,26;11,24;2;12,68613096;0
1464;14,89;14,77;12,18;15,91;12,1;6;7,048717341;0
1465;14,5;19,5;12,81;16,5;10,05;5;8,981757298;0
1466;14,46;14,01;12,5;16,09;15,5;7;6,586559145;1
1467;14,5;19,17;12,5;14,51;10,59;5;8,774568829;0
1468;14,5;14,78;12,5;16,14;12,61;6;10,4557315;0
1469;14,5;19,5;9,23;14,25;10,84;4;4,857677665;0
1470;14,5;17,44;12,84;16,5;14,36;6;8,576697706;0
1471;14,5;19,09;11,94;14,41;12,84;6;9,857942166;1
1472;14,5;18,13;12,5;16,5;15,5;6;6,446960768;1
1473;14,81;18,18;11,97;14,01;9,52;5;6,247045668;0
1474;14,5;18,21;12,38;16,5;14,72;6;12,76501653;0
1475;14,5;18,86;11,83;16,5;10,13;5;8,76380758;0
1476;14,5;17,41;12,5;16,5;14,07;6;9,604371132;0
1477;14,5;16,41;12,5;16,93;13,79;6;14,64729506;0
1478;13,12;13,18;12,5;16,78;8,65;6;7,141278567;0
1479;14,5;19,76;11,96;12,74;14,68;6;9,34310304;1
1480;14,5;19,5;12,7;16,5;8,91;4;12,3228889;0
1481;14,5;19,5;12,15;16,5;12,69;6;8,12528728;0
1482;14,5;17,88;12,89;14,24;13,46;6;12,26905681;1
1483;14,56;12,63;12,59;12,31;12,1;6;9,8590825;0
1484;14,88;16,35;12,5;16,5;9,57;5;14,58469722;0
1485;14,5;17,98;12,5;15,32;11,95;5;13,87092149;0
1486;14,5;19,47;11,69;13,75;9,97;5;11,10564113;0
1487;14,5;18,76;12,76;14,76;15,5;6;11,91915459;1
1488;14,5;19,5;12,65;16,5;13,95;7;12,04089107;1
1489;14,5;19,5;12,47;16,5;11,51;6;13,78157821;1
1490;14,1;12,08;12,99;14,88;13,66;6;12,66589698;0
1491;14,5;17,78;11,44;13,13;14,18;6;6,874322322;1
1492;14,5;18,16;12,5;16,5;12,57;6;8,145299902;0
1493;14,5;19,5;12,5;15,35;15,5;6;8,686659571;0
1494;14,5;19,5;12,97;16,5;14,79;6;12,22613067;1
1495;14,5;16,09;12,5;15,11;15,5;6;9,110260792;0
1496;14,5;15,43;12,5;12,98;11,71;5;10,50011692;0
1497;14,25;14,37;12,5;15,98;12,84;6;12,88680177;0
1498;14,5;19,5;10,84;16,6;13,35;5;4,343758233;0
1499;14,94;13,28;12,5;14,78;15,77;6;13,13217971;0
1500;14,1;17,51;12,98;15,64;12,92;5;12,41090909;0
1501;14,5;19,5;12,26;16,83;13,27;3;8,643801792;0
1502;14,5;18,15;12;16,5;11,48;4;7,602591583;0
1503;14,5;15,29;12,5;15,82;15,38;6;13,2696475;1
1504;14,5;18,49;11,04;16,41;5,72;4;13,05520505;0
1505;14,5;19,69;11,85;13,75;10,29;5;6,86254141;0
1506;14,5;19,5;12,19;16,5;15,24;5;6,291249833;1
1507;14,5;18,46;12,9;14,37;11,77;2;12,98474477;0
1508;14,5;19,11;12,5;15,87;12,32;5;7,732080491;0
1509;14,5;19,5;12,17;15,02;7,41;4;9,116606886;0
1510;14,5;19,5;12,12;16,5;8,75;5;7,190965565;0
1511;14,5;19,5;11,08;16,5;13,23;5;9,351791883;0
1512;14,5;15,42;12,5;15,28;12,71;6;8,077617893;0
1513;13,41;16,27;12,5;13,78;11,64;6;6,263452278;0
1514;14,5;19,5;12,5;16,5;13,86;6;12,06447996;1
1515;14,78;15,97;12,5;16,5;13,32;6;13,3685175;0
1516;14,5;17,73;12,5;16,5;14,77;7;8,743519875;1
1517;14,5;18,82;12,5;16,22;11,31;6;9,46806951;1
1518;14,5;18,89;12,5;14,09;10,82;5;6,583580222;0
1519;14,5;16,95;12,43;14,13;8,54;5;9,255554702;0
1520;14,5;16,37;12,5;12,65;13,51;6;8,676853094;1
1521;14,72;19,16;10,95;16,5;15,54;5;6,55658274;0
1522;14,5;16,78;12,96;11,66;11,33;6;15,49453858;0
1523;14,5;16,7;12,5;16,63;14,24;6;11,31992178;0
1524;14,5;17,57;11,26;16,75;9,24;4;10,57575435;0
1525;12,95;13,36;12,5;16,5;15,11;6;10,37649782;0
1526;14,74;14,02;12,5;10,24;13,97;6;14,56889672;0
1527;14,5;19,5;11,7;16,5;11,3;5;9,358467555;0
1528;14,46;11,86;12,5;16,73;15,5;6;7,639839574;0
1529;14,5;19,5;9,53;16,5;11,89;5;2,935725693;0
1530;14,5;18,35;12,5;11,39;11,3;6;12,01377834;1
1531;14,5;18,01;12,5;14,53;15,5;6;12,19394886;0
1532;14,5;17,41;12,5;16,5;14,5;6;13,81533408;1
1533;14,25;15,79;12,5;12,78;15,58;6;7,500042254;1
1534;12,95;13,08;12,5;12,67;14,63;6;7,700765477;0
1535;14,5;19,5;10,97;14,37;14,22;6;7,830162497;1
1536;14,07;15,8;12,5;12,85;15,25;6;7,824391457;1
1537;14,5;16,09;12,5;13,69;12,87;6;7,419959472;0
1538;14,5;19,5;11,5;15,98;9,91;5;9,349405211;0
1539;14,5;19,5;11,48;16,5;10,15;5;4,781859367;0
1540;14,5;19,5;10,78;16,5;14,99;5;10,53753124;0
1541;14,5;16,03;12,5;16,5;15,45;6;13,40364084;0
1542;13,46;13,79;12,5;16,56;15,5;6;12,21491659;1
1543;14,16;12,86;12,5;14,43;15,78;7;11,00808386;1
1544;13,52;14,3;13;15,63;11,4;5;7,937805055;0
1545;14,4;18,13;11,58;16,5;13,43;5;6,50052186;0
1546;14,5;18,81;10,53;16,03;10,77;5;9,601122107;0
1547;14,5;13,96;12,3;15,78;7,45;4;9,189308916;0
1548;13,14;14,47;12,5;13,32;13,19;7;9,199625626;1
1549;11,41;14,18;12,5;14,91;15,5;6;14,15451953;1
1550;14,5;19,5;12,56;14,49;11,31;6;10,28133535;0
1551;14,99;16,73;12,21;14,13;9,14;5;6,720004685;0
1552;13,96;18,34;10,82;14,72;15,71;5;8,88651342;0
1553;13,89;15,64;12,5;12,94;13,1;5;11,79711999;0
1554;14,5;18,64;12,5;11,79;14,88;7;14,13232056;1
1555;14,5;18,75;12,5;16,5;13,96;6;7,961097771;0
1556;14,5;19,46;12,8;16,5;10,73;5;9,101518115;0
1557;14,5;19,37;11,6;16,5;12,89;5;6,168311576;0
1558;14,5;19,8;11,91;16,5;12,81;5;9,231792861;0
1559;14,5;19,5;9,14;16,5;10,92;4;3,067099018;0
1560;14,1;12,62;12,5;14,75;12,05;6;13,87965677;0
1561;14,5;18,57;12,13;15,1;13,29;6;10,15433941;1
1562;14,5;19,15;10,96;16,5;10,65;5;9,920466916;0
1563;14,5;13,98;12,5;12,9;15,5;6;7,129942731;1
1564;14,5;19,5;11,63;15,43;6,26;4;7,580136975;0
1565;14,5;17,09;12,5;16,5;15,21;3;6,669890228;0
1566;14,5;16,7;12,24;12,78;13,7;3;10,4998375;0
1567;13,11;13,71;12,5;13,26;10,44;5;12,41620909;0
1568;14,5;17,69;11,03;12,95;10,12;4;5,192071897;0
1569;14,5;15,59;12,5;14,75;15,86;6;13,10068588;1
1570;14,5;18,73;12,5;14,68;13,53;6;14,78295301;0
1571;14,5;16,5;13;16,5;11,59;2;12,28340108;0
1572;14,07;13,3;12,5;15,04;11,71;3;8,333389258;0
1573;14,5;17,94;11,56;16,5;11,36;5;12,6474224;0
1574;14,5;18,53;12,9;16,5;9,82;5;7,650215083;0
1575;14,5;19,5;11,45;15,88;15,56;6;5,293366096;1
1576;11,63;10,28;12,5;13,68;14,45;6;10,74505803;0
1577;14,5;19,4;12,5;13,93;13,5;6;10,79504764;1
1578;14,5;19,7;11,07;15,19;13,55;5;11,13773617;0
1579;14,5;16,85;12,5;14,22;15,5;6;9,213988474;1
1580;14,5;18,36;11,11;16,14;14,26;5;13,31162967;0
1581;13,04;14,27;12,5;13,21;8,99;4;10,53561574;0
1582;14,5;19,5;12,5;16,75;13,99;6;13,37483917;1
1583;14,5;14,05;12,5;14,14;10,62;6;9,904945482;0
1584;14,5;18,27;12,04;14,71;15,85;6;6,008480682;1
1585;14,5;19,5;12,78;16,97;13;6;6,465729391;1
1586;14,68;16,13;12,5;16,04;15,03;6;9,634658699;1
1587;14,5;16,55;12,49;16,5;12,32;6;9,584139468;0
1588;14,5;19,45;12,09;12,98;10,22;6;12,31347242;1
1589;14,5;19,5;11,13;16,5;14,48;6;5,686426585;1
1590;12,67;9,82;12,5;15,91;14,7;6;14,50001075;0
1591;14,72;18,5;10,17;14,37;7,49;4;7,501970433;0
1592;14,5;19,55;12,5;14,8;13;6;9,820810755;1
1593;14,5;17,67;12,5;15,84;15,67;6;14,85974605;1
1594;13,39;11;12,5;12,12;15,5;6;7,908802457;0
1595;14,65;14,39;12,5;12,76;11,43;6;12,46678447;0
1596;14,25;15,26;11,36;16,93;12,37;6;13,22729035;0
1597;14,5;19,58;12,88;14,71;11,02;6;12,95652969;1
1598;14,5;17,32;12,5;16,91;14,53;6;14,03112135;1
1599;14,5;19,5;10,91;16,5;8,8;4;12,83051669;0
1600;14,5;19,5;11,41;16,5;12,41;5;9,363327157;0
1601;14,5;19,13;11,59;11,73;12,36;5;10,52142222;0
1602;14,5;19,39;12,5;15,62;15,39;6;11,3779938;1
1603;14,87;14,98;12,5;16,15;15,54;6;8,255456579;1
1604;14,5;18,81;12,5;16,5;8,76;5;13,80427248;0
1605;14,5;15,13;12,5;14,29;15,26;6;13,61261871;0
1606;14,61;12,6;12,5;16,67;14,05;6;13,67560529;0
1607;13,18;13,97;12,5;15,94;12,57;5;12,78812707;0
1608;14,97;15,87;12,5;13,94;14,4;6;10,53699813;1
1609;14,5;19,5;11,11;16,5;15,5;6;8,149970597;1
1610;14,5;19,87;12,5;15,87;15,15;6;11,29033086;1
1611;14,5;19,5;12;16,5;13,36;6;11,17621145;1
1612;12,74;12,04;12,5;13,59;15,5;6;6,290444977;0
1613;14,5;15,48;12,5;13,85;13,17;6;11,60951531;0
1614;14,5;13,68;12,5;16,5;12,12;6;7,217267003;0
1615;14,5;18,87;10,84;13,46;14,29;6;7,643653191;1
1616;14,67;16,35;12,5;12,7;11,73;6;14,26194062;0
1617;14,88;13,69;12,5;14,73;14,5;6;7,436792834;0
1618;14,5;16,06;12,79;15,99;13,41;5;12,9393863;0
1619;14,5;19,5;10,08;16,89;10,48;4;8,303717633;0
1620;14,5;17,54;12,5;16,84;13,81;6;14,745145;0
1621;14,5;15,22;12,5;15,23;14,71;6;13,89133432;0
1622;14,5;15,79;12,5;16,5;13,47;6;11,95743575;0
1623;14,24;17,57;12;14,25;12,9;5;10,03851824;0
1624;14,5;19,5;11,48;16,73;12,52;5;6,405969672;0
1625;14,5;18,25;12,5;16,5;15,5;6;8,508926704;0
1626;14,5;15,79;12,88;16,5;9,91;5;6,898502472;0
1627;14,5;15,73;12,5;15,13;15,5;6;10,71255077;0
1628;14,5;14,55;12,5;16,31;12,39;6;9,726003549;0
1629;13,86;14,27;12,5;15,6;12,66;6;11,265922;0
1630;14,32;13,01;12,5;16,87;12,43;5;11,9000019;0
1631;14,5;18,65;12,25;13,49;13,71;6;12,58315877;1
1632;13,87;13,83;12,5;11,13;10,41;6;12,16164535;0
1633;14,5;19,5;12,92;16,5;15,94;6;10,71839438;1
1634;13,67;15,58;12,5;12,96;8,99;5;8,037286421;0
1635;14,5;19,57;12,91;16,57;14,12;6;13,80695853;1
1636;14,26;18,06;11,53;15,99;7,57;4;11,45831388;0
1637;14,5;19,5;12,85;16,5;13,07;6;6,932213367;1
1638;13,37;15,18;12,5;15,27;13,81;6;11,44934161;1
1639;14,85;12,94;12,5;16,01;9,07;6;9,521177826;0
1640;13,23;14,31;12,5;15,49;11,12;6;8,053710035;0
1641;14,5;19,63;10,92;16,5;9,92;4;10,27306907;0
1642;14,5;16,81;11,41;17;11,64;5;13,10481562;0
1643;14,5;14,78;12,5;16,85;12,77;6;14,78667646;0
1644;14,34;13,3;12,5;15,91;15,5;6;7,086832637;0
1645;14,5;14,66;12,5;11,43;15,87;6;14,66945039;1
1646;14,5;17,47;12,96;15,2;14,27;6;10,43921461;1
1647;14,5;15,53;12,5;16,5;13,59;6;9,886841833;0
1648;14,04;12,9;12,5;13,54;15,54;6;14,93233108;0
1649;14,5;19,5;11,71;12,58;13,01;6;7,955354374;1
1650;14,5;16,18;12,5;16,23;13,45;6;11,16688881;0
1651;14,5;19,5;12,5;16,5;11,3;5;7,877528801;0
1652;14,5;19,71;12,29;16,5;14,17;5;7,124096862;0
1653;14,5;18,4;11,92;16,5;13,3;5;11,70096736;0
1654;14,5;17,65;12,61;14,47;13,85;7;13,95432263;1
1655;14,5;19,5;12,28;16,5;15,41;6;9,547457663;1
1656;14,97;17,06;12,5;13,52;12,32;5;13,600019;0
1657;14,5;18,07;12,5;13,68;10,4;5;8,817376656;0
1658;14,5;16,47;12,5;15,6;11,36;5;8,496870847;0
1659;14,5;19,5;11,3;16,5;9,75;5;12,93844451;0
1660;14,5;19,5;12,5;16,5;9,25;5;12,94704774;0
1661;13,57;17,7;12,54;15,25;10,12;5;8,217078582;0
1662;14,5;19,5;12,29;16,5;15,16;5;13,56747646;0
1663;14,5;17,69;12,5;16,42;15,5;6;14,11074529;0
1664;14,5;14,48;12,47;16,5;11,02;5;12,89612032;0
1665;14,5;18,37;12,66;16,5;13,98;6;10,58728145;1
1666;14,5;17,44;12,78;16,5;11,78;2;11,1226686;0
1667;14,5;18,61;12,07;16,35;11,41;5;6,319513361;0
1668;14,5;18,32;12,5;16;11,34;5;13,89978689;0
1669;14,68;17,99;11,86;14,3;14,24;6;10,5920177;1
1670;14,5;14,36;12,5;15,29;15,5;6;14,30092457;0
1671;14,8;13,16;12,8;15,96;10,45;2;9,271832589;0
1672;14,5;18,08;12,5;16,29;15,47;6;7,298004445;0
1673;14,5;19,66;11,78;15,21;13,21;5;13,35607099;0
1674;11,79;11,64;12,5;12,34;13,65;6;9,922633727;0
1675;14,5;19,5;10,73;16,42;7,86;4;7,881890257;0
1676;13,7;14,96;12,5;16,79;15,5;6;6,589335751;0
1677;14,5;15,93;12,91;13,72;9,94;5;8,982926453;0
1678;14,47;14,59;12,5;13,51;12,82;6;11,94257264;0
1679;14,5;16,64;12,5;16,63;10,2;2;6,730295402;0
1680;14,76;12,2;12,5;15,21;15,5;3;10,26512271;0
1681;14,75;17,43;12,5;16,68;10,74;6;8,037289551;0
1682;14,5;19,38;12,5;16,5;11,17;6;8,67251091;0
1683;14,5;19,04;12,5;13,88;13,12;5;6,434064351;0
1684;14,5;16,93;12,5;14,33;15,31;6;14,91176746;1
1685;13,41;15,54;12,5;14,79;15,5;6;11,36246015;0
1686;14,35;14,07;12,5;13,96;12,68;5;10,44605672;0
1687;14,5;16,63;12,85;14,83;11,15;5;8,756548045;0
1688;14,5;16,49;12,5;16,5;11,78;6;9,278253565;0
1689;14,68;16,06;12,83;13,32;10,77;5;6,550695087;0
1690;14,5;19,5;12,05;16,75;13,08;6;12,83661387;1
1691;12,97;11,5;12,5;13,93;12,74;6;8,617834272;0
1692;14,5;16,34;12,5;14,97;10,04;5;10,09973585;0
1693;14,5;18,96;11,82;13,14;12,36;5;14,00095498;0
1694;14,5;17,13;12,5;16,5;14,52;6;12,36930854;0
1695;14,5;17,03;12,5;16,5;15,5;6;13,44885213;0
1696;14,5;17,76;12,14;16,5;15;6;8,241680382;1
1697;14,5;17,74;12,5;13,74;11,94;5;8,966581521;0
1698;14,5;18,68;12,67;16,07;15,39;6;7,323093084;1
1699;13,28;12,46;12,5;14,35;15,71;6;8,977826529;0
1700;14,5;15,82;12,5;16,66;11,62;6;11,22400445;0
1701;12,83;12,2;12,5;10,08;15,5;6;13,3230552;0
1702;13,96;17,12;11,38;16,5;12,02;5;8,654939126;0
1703;12,88;14,56;12,5;16,31;9,74;6;11,62670753;0
1704;14,5;15,26;12,76;16,5;14,71;6;14,62731997;0
1705;14,5;18,08;12,5;16,02;10,6;6;6,65375593;0
1706;14,5;19,4;12,5;16,5;11,6;5;7,195253533;0
1707;14,5;18,09;12,5;15,81;15,5;6;7,02032818;1
1708;14,5;16,61;12,12;15,43;10,27;5;11,53316361;0
1709;12,85;12,61;12,5;10,92;13,47;2;6,24799626;0
1710;14,04;15,06;12,5;13,22;15,5;6;10,00505849;1
1711;14,01;11,46;12,5;12,18;10,95;5;14,5508624;0
1712;14,5;17,5;12,5;16,5;11,19;6;10,47583019;0
1713;13,66;16,47;12,5;15,57;12,75;6;8,486768807;0
1714;14,5;18,78;12,42;16,5;15,65;6;6,306075675;1
1715;14,5;16,13;12,5;13,69;15,63;6;9,828792763;1
1716;14,5;16;12,5;14,09;12;5;8,395463146;0
1717;14,47;17,7;12,24;16,5;12,64;6;9,130428063;0
1718;14,5;15,4;12,5;15,1;14,58;6;8,089479954;0
1719;14,5;16,64;12,5;16,5;13,07;6;8,446705192;0
1720;14,5;19,37;11,83;14,94;9,81;4;10,43149095;0
1721;14,5;16,75;12,5;16,5;13,9;3;8,382978447;0
1722;14,5;14,61;12,5;16,07;13,89;7;8,071182615;0
1723;14,5;19,21;10,22;15,56;9,12;5;9,94491083;0
1724;14,5;13,01;12,5;13,46;13,12;7;10,39069238;0
1725;14,5;19,5;10,73;16,5;13,57;6;10,38460514;0
1726;14,5;17,58;12,5;16,5;10,02;5;12,95653843;0
1727;13,85;15,64;12,92;15,38;13,6;6;8,794281149;0
1728;14,5;16,8;12,34;16,5;14,99;6;9,299720462;0
1729;14,5;19,5;12,84;16,5;15,74;6;10,23249288;1
1730;14,5;19,5;11,12;15,04;15,5;6;7,740736234;1
1731;14,04;11,63;12,5;16,27;12,69;6;11,53902062;0
1732;14,5;19,5;8,34;16,01;10,1;3;7,423930811;0
1733;12,69;16,04;12,78;16,5;14,07;3;14,70655267;0
1734;14,5;17,34;12,5;16,87;11,1;6;6,808056596;0
1735;14,5;17,42;11,08;15,97;7,25;5;9,537430603;0
1736;14,33;17,1;12,5;14,61;9,81;6;6,161148063;0
1737;14,5;18,51;12,5;14,54;13,39;6;7,39462241;1
1738;14,5;19,91;12,82;16,5;13,58;6;8,047582172;1
1739;14,5;17,55;12,5;16,5;15,5;6;12,37969384;0
1740;14,5;17,8;12,5;16,08;14,71;6;6,140689775;1
1741;14,5;19,5;11,45;16,88;15,5;6;10,94942227;1
1742;14,5;19,23;12,71;16,5;11,67;5;8,466484592;0
1743;14,09;10,77;12,5;12,75;12,25;6;11,87869823;0
1744;14,5;19,81;12,21;16,94;12,58;5;7,247017012;0
1745;14,5;16,87;12,5;14,76;13,64;6;14,32013873;0
1746;14,07;14,22;12,5;15,38;14,65;6;12,34679453;0
1747;14,5;16,19;12,5;16,5;13,44;5;10,22333364;0
1748;14,39;14,29;12,5;16,5;12,97;7;6,388213799;1
1749;14,5;17,15;12,5;14,09;10,91;5;10,00547598;0
1750;14,5;18,64;12,5;16,5;13,23;5;13,17444302;0
1751;14,5;18,61;9,42;11,91;9,59;4;3,099454098;0
1752;14,5;17,36;12,5;16,9;13,31;6;14,66831679;0
1753;14,5;19,29;11,41;14,75;14,4;6;10,53885241;0
1754;13,34;9,72;12,5;15,65;15,5;6;6,829651983;0
1755;13,86;17,4;12,5;16,87;15,5;6;7,451764855;0
1756;13,19;13,51;12,5;15,31;12,3;6;13,69221205;0
1757;14,5;14,82;12,5;14,08;15,5;6;7,222214648;1
1758;13,23;13,61;12,5;13,05;15,5;7;7,294227335;1
1759;14,5;18,75;12,5;16,5;13,32;7;14,21442867;0
1760;14,5;19,77;11,99;16,86;15,24;5;12,9681636;0
1761;13,65;12,57;12,5;15,62;15,88;6;10,34621329;0
1762;14,5;19,5;12,5;15,63;10,87;5;14,80724416;0
1763;14,5;19,5;12,5;16,5;12,64;6;14,61024822;1
1764;14,5;19,5;9,97;16,7;12,28;5;9,152741475;0
1765;14,24;12,24;12,5;16,94;15,5;6;8,079990181;0
1766;14,5;19,18;10,95;16,75;12,15;5;7,698330581;0
1767;14,68;15,36;12,5;14,59;15,5;6;10,70036644;0
1768;14,5;19,5;10,47;16,5;12,52;5;7,076011442;0
1769;14,5;16,35;12,5;12,94;11,99;5;10,68244546;0
1770;13,94;15,01;12,5;15,48;15,5;6;11,69815659;1
1771;13,74;11,87;12,5;15,97;13,42;6;12,44086693;0
1772;14,5;19,5;11,32;16,5;11,15;5;5,584825518;0
1773;14,5;16,72;12,5;14,67;9,44;5;12,93976477;0
1774;14,5;17,5;12,32;16,5;7,48;5;9,576034807;0
1775;14,38;15,78;12,88;16,34;13,27;5;14,98074684;0
1776;14,5;15,31;12,94;15;14,16;6;6,631067429;0
1777;14,5;16,95;12,01;15,68;12,01;5;12,21853226;0
1778;14,5;19,5;8,75;16,41;10,02;4;8,621320282;0
1779;14,5;19,08;12,5;16,08;8,63;5;6,777701854;0
1780;14,5;19,5;12,5;15,96;12,46;5;14,86789447;0
1781;14,5;19,95;12,77;15,91;13,81;6;14,69646129;1
1782;14,5;19,5;10,83;16,5;11,21;5;10,2739474;0
1783;14,5;18,46;12,5;14,35;13,76;5;9,005242509;0
1784;14,5;19,11;12,5;15,68;15,5;6;7,195720818;1
1785;14,25;12,27;12,5;10,88;15,5;6;13,47214997;1
1786;14,5;17,61;12,5;16,5;11,49;6;9,337117928;0
1787;14,5;15,29;12,5;13,71;6,9;5;9,465285496;0
1788;14,41;14,49;12;16,2;11,12;5;7,106527658;0
1789;14,5;18,57;12,5;16,98;9,84;5;6,685967022;0
1790;14,5;19,5;11,69;16,5;11,52;5;8,971453687;0
1791;14,5;15,24;12,5;15,22;14,03;3;6,6793288;0
1792;14,5;19,5;11,35;16,5;14,55;5;10,55574032;0
1793;14,5;15,5;12,5;16,5;12,87;6;14,27553139;0
1794;14,5;13,91;12,5;16,5;13,12;6;12,42728155;0
1795;14,5;14,44;12,5;15,22;10,55;6;12,10203087;0
1796;14,5;15,22;12,5;9,83;11,79;6;8,240166357;0
1797;14,5;19,5;12,5;16,79;9,99;6;7,908133572;0
1798;14,5;15,93;12,96;11,7;15,5;6;10,20598984;1
1799;14,5;18,64;12,5;16,5;13,23;6;6,54976958;0
1800;14,5;17,49;12,73;11,26;13,98;6;6,412698284;1
1801;14,5;18,69;11,91;13,24;11,8;5;11,0878509;0
1802;14,5;15,27;12,9;16,5;8,57;5;7,09787216;0
1803;14,5;18,3;12,5;16,5;11,08;5;9,900842105;0
1804;14,5;17,89;12,5;15,22;15,49;6;12,59752949;0
1805;14,5;18,77;12,26;16,18;11,96;5;14,65635329;0
1806;12,91;11;12,5;16,71;13,47;6;14,0400149;0
1807;14,5;19,14;11,83;16,5;15,76;6;7,663979045;1
1808;14,5;19,5;12,77;16,5;15,49;6;6,794994889;0
1809;14,07;14,88;12,5;15,54;13,77;6;9,567706724;0
1810;14,5;16,27;12,5;14,2;12,16;3;12,48664924;0
1811;14,5;18,09;12,5;15,52;12,44;6;14,07117173;0
1812;14,5;19,83;12,65;14,52;10,33;5;6,520889701;0
1813;14,5;17,32;12,5;16,34;12,82;3;9,595573776;0
1814;13,39;15;12,1;13,15;11,36;5;13,89756272;0
1815;14,5;19,5;11,9;12,36;10,75;5;7,74378281;0
1816;14,5;19,5;12,54;16,5;11,97;5;12,6858962;0
1817;14,5;18,51;12,5;14,07;15,15;7;6,50890701;1
1818;14,82;17,41;12,5;16,51;9,42;5;14,31123091;0
1819;12,45;11,7;12,5;16,25;15,5;6;7,231434312;0
1820;13,54;15,4;12,5;10,23;9,16;5;6,420650249;0
1821;14,5;18,1;12,5;12,6;14,27;5;8,586315225;0
1822;14,5;19,5;10,16;16,26;9,19;5;3,891362064;0
1823;14,5;17,63;12,5;16,5;12,62;6;12,93555886;0
1824;14,5;19,5;11,91;16,5;10,36;5;11,94957282;0
1825;14,5;18,59;12,5;15,35;13,03;6;13,67865521;1
1826;14,5;19,5;9,86;13,17;10,82;4;6,919570692;0
1827;14;17,09;12,5;14,14;13,05;6;13,61047346;0
1828;13,82;15,45;12,5;16,87;11,97;5;7,732472389;0
1829;14,5;19,5;10,73;16,5;11,86;5;9,877868094;0
1830;14,5;19,5;12,29;16,02;9,29;4;9,591792462;0
1831;13,51;12,84;12,5;13,14;15,5;6;13,05885228;0
1832;14,5;19,5;12,18;14,63;11,31;5;8,774696804;0
1833;14,35;12,94;12,5;13,05;15,12;7;12,09708221;0
1834;13,92;14,65;12,5;11,94;12,63;6;9,439555327;0
1835;14,5;15,09;11,53;13,32;12,55;5;7,380315794;0
1836;14,5;19,5;8,86;16,5;8,81;1;7,683959263;0
1837;14,5;17,45;11,34;16,5;15,04;5;9,030530293;0
1838;14,5;17,09;12,5;15,07;11,34;5;10,53562121;0
1839;14,5;19,09;12,5;16,33;12,04;6;6,406400817;0
1840;14,87;15,23;12,5;14,93;15,5;7;11,54607587;0
1841;14,5;15,51;12,5;10,55;12,05;5;14,29695848;0
1842;14,5;18,69;12,77;16,4;15,98;6;8,081708309;1
1843;14,5;19,69;11,62;16,5;13,14;5;7,599528524;0
1844;14,5;18,72;12,07;15,04;12,1;5;5,977891176;0
1845;14,5;17,16;12,5;15,82;15,5;6;13,56860576;1
1846;14,53;18,56;12,86;13,28;9,65;5;7,028525722;0
1847;14,5;15,86;12,5;14,66;11,17;6;8,236897005;1
1848;14,76;15,34;12,5;16,79;14,35;7;6,655639995;0
1849;14,5;15,58;12,5;10,19;12,74;6;7,276364917;0
1850;14,5;19,5;11,78;14,77;12,81;5;8,152930012;0
1851;14,46;15,41;12,5;14,96;13,83;7;12,58259574;0
1852;14,64;12,67;12,5;14,35;15,5;6;14,5812796;0
1853;14,37;15,09;12,5;15,55;13,95;6;9,337597178;0
1854;12,6;12,29;12,5;14,48;11,66;6;6,833977656;0
1855;14,57;14,09;12,5;14,95;14,64;6;14,29276251;0
1856;14,5;17,89;12,5;12,98;14,41;6;8,747226155;1
1857;14,5;17,65;11,77;13,72;8,02;4;12,01254026;0
1858;14,5;14,99;12,5;16,5;11,1;6;14,49290092;0
1859;14,5;15,91;12,5;16,5;11,83;5;8,301279398;0
1860;13,25;13,73;12,5;14,79;14,05;6;7,183989827;0
1861;11,87;10,1;12,5;10,7;15,5;6;14,23337618;0
1862;14,7;15,58;12,5;16,64;15,49;6;9,010478996;0
1863;12,61;13,71;12,5;14,97;15,94;6;6,800871427;0
1864;14,5;19,5;12,5;14,13;15,36;7;7,824328189;1
1865;14,3;11,84;12,5;16,04;14,97;7;14,36035207;0
1866;14,5;19,5;11,5;16,5;7,63;4;10,23253188;0
1867;12,76;12,56;12,5;11,89;15,5;6;12,13742938;1
1868;14,5;19,5;12,81;16,17;11,83;5;10,3797357;0
1869;14,18;12,67;12,5;12,23;8,53;5;11,00623251;0
1870;11,14;11,15;12,5;12,3;15,28;7;12,0525526;1
1871;14,5;13,03;12,5;14,6;15,5;6;7,791736925;0
1872;14,69;16,56;12,5;16,5;15,14;6;13,38302621;1
1873;14,02;13,27;12,5;13,86;12,18;7;10,95815575;0
1874;14,5;15,66;12,7;16,72;15,86;6;14,74004646;0
1875;14,5;16,82;12,5;14,35;15,34;6;9,510966854;1
1876;14,5;19,07;12,5;16,7;12,99;5;11,67732712;0
1877;14,5;19,5;12,46;16,39;10,66;5;11,83095324;0
1878;14,5;17,95;12,56;16,5;9,52;4;7,873619507;0
1879;14,5;18,64;12,78;12,11;10,81;6;11,70986224;1
1880;14,31;15,7;12,09;9,18;12,11;5;6,982457416;0
1881;14,5;18,53;12,5;16,5;10,58;6;13,04281742;0
1882;14,5;17,18;12,5;15,08;15,5;6;13,41564367;1
1883;14,05;12,85;12,5;13,95;13,81;6;7,84890704;0
1884;14,5;18,74;11,89;14,54;10,43;5;9,034615401;0
1885;14,36;12,78;12,5;13,39;14,31;7;8,519388712;0
1886;14,5;16,08;10,28;16,14;10,67;4;11,91020154;0
1887;14,5;17,87;12,49;16,5;14,39;6;10,61918105;1
1888;13,83;13,02;12,5;16,5;11,96;6;7,302562673;0
1889;14,5;19,5;12,55;16,5;10,97;5;6,719338485;0
1890;14,5;15,81;12,5;12,01;12,81;3;6,582912547;0
1891;14,42;15,24;12,5;15,34;15,5;7;8,551276418;1
1892;14,65;16,76;12,5;16,5;13,4;6;7,755777127;0
1893;13,79;16,1;12,51;12,72;15,5;6;8,096235912;1
1894;14,5;19,21;12,5;16,5;14,85;6;9,192114557;0
1895;14,67;13,45;12,5;15,77;10,69;6;13,02484121;0
1896;14,5;18,88;11,75;14,05;13,27;6;10,04914626;1
1897;14,5;18,46;12,5;14,97;11,67;6;14,59172178;0
1898;14,5;16,5;12,5;12,52;15,5;6;11,54970525;1
1899;14,5;18,07;12,4;15,84;11,28;5;11,8989007;0
1900;14,5;19,2;12,33;14,08;11,6;5;6,954491952;0
1901;14,5;18,45;12,8;16,5;11,19;5;8,817545099;0
1902;12,66;9,93;12,5;16,51;14,27;6;12,84686561;0
1903;14,5;19,5;12,72;16,5;13,12;6;13,46828168;1
1904;14,5;19,53;12,5;16,5;8,15;4;11,27615099;0
1905;11,08;7,63;12,5;14,11;13,21;6;11,35204285;0
1906;12,96;12,22;12,5;13,3;13,59;6;10,24210173;0
1907;14,5;19,58;11,74;14,9;15,5;6;6,290858315;1
1908;14,5;13,97;12,5;13,06;11,37;6;10,38083362;0
1909;14,5;19,16;12,5;15,98;14,24;6;12,59940102;1
1910;14,5;17,27;12,5;11,95;10,93;6;8,689107782;0
1911;14,5;19,5;11,07;14,76;13,39;6;5,396365283;1
1912;14,5;19,38;10,83;16,5;11,64;5;7,22117578;0
1913;14,5;19,5;10,21;16,5;11,4;5;6,886380116;0
1914;12,8;14,32;12,5;13,55;11,64;6;12,3474494;0
1915;14,5;16,22;12,5;16,5;15,5;6;14,59023216;0
1916;13,82;14,48;12,5;14,9;9,98;5;9,566611882;0
1917;14,95;17,75;12,5;12,7;10,7;5;6,112310028;0
1918;14,28;12,09;12,5;13,46;14,86;6;7,520827452;0
1919;14,5;18,18;12,5;15,55;11,01;6;12,02540278;1
1920;14,5;16,13;12,15;13,39;12,33;5;11,26757023;0
1921;14,5;19,26;12,5;16,5;14,39;6;9,513251096;1
1922;14,5;17,58;12,53;16,22;13,15;5;14,41763294;0
1923;14,5;19,69;12,28;13,84;12,66;6;14,52271508;1
1924;14,5;18,39;12,5;16,83;15,9;6;13,5035537;1
1925;14,03;16,8;12,64;16,5;10,76;5;11,52166449;0
1926;14,5;19,18;12,58;14,15;12,28;6;12,47505721;1
1927;14,5;19,5;11,53;16,5;13,2;5;7,945252148;0
1928;14,5;19,66;12,5;16,28;12,54;6;14,03562144;0
1929;14,5;14,64;12,5;14,33;15,5;6;13,24714778;1
1930;12,85;10,48;12,5;13,22;12,78;6;6,935441908;0
1931;14,5;13,2;12,5;15,51;11,37;6;14,77708037;0
1932;14,5;13,36;12,5;12,65;13,49;6;13,97704393;1
1933;12,8;13,57;12,5;15,8;14,83;6;8,754949147;0
1934;14,5;19,71;12,5;16,5;15,5;7;8,073636623;1
1935;14,5;19,53;9,88;14,16;14,95;6;3,21213891;1
1936;14,5;19,5;12,5;14,33;14,67;6;8,372342579;1
1937;14,5;18,71;12,5;14,63;15,5;6;13,17619565;1
1938;14,5;19,5;10,94;15,27;15,21;5;9,320393023;0
1939;14,5;14,27;12,5;16,5;13,12;7;7,322308639;0
1940;13,06;12,99;12,5;16,5;15,96;6;7,508911588;0
1941;14,5;19,5;12,52;16,18;11,49;5;6,586552001;0
1942;14,5;16,21;12,5;15,52;14,68;6;11,92445527;0
1943;14,52;19,01;12,5;16,5;15,5;6;11,27428535;0
1944;14,5;18,31;12,5;13,81;10,33;5;9,384999122;0
1945;14,5;19,5;10,86;15,54;7,29;4;5,04828588;0
1946;14,05;16,08;12,5;15,31;15,5;6;8,955257997;1
1947;14,23;11,69;12,5;14,13;10,95;6;9,074840781;0
1948;14,5;19,5;11,7;12,52;12,91;5;11,87134184;0
1949;14,5;19,19;12,98;16,5;15,5;6;12,62667648;1
1950;14,5;19,69;12,5;15,5;14,19;6;9,523672296;1
1951;14,5;17,54;12,5;16,27;12,38;6;6,926474278;0
1952;12,69;12,55;12,5;14,67;15,83;6;14,68579699;1
1953;14,5;19,83;12,37;16,8;7,2;4;12,84764347;0
1954;14,5;19,5;10,7;16,97;10,14;2;11,68007113;0
1955;14,5;19,5;12,5;16,5;15,02;6;9,138161063;0
1956;14,5;19,35;12,5;14,29;11,99;6;11,05912434;1
1957;13,2;14,86;12,5;12,8;12,66;6;10,9644796;0
1958;14,5;16,12;12,5;16,33;12,67;6;11,63088084;0
1959;14,5;16,74;12,55;14,43;6,07;4;14,11527855;0
1960;13,36;11,55;12,5;12,78;9,37;6;12,05412013;0
1961;14,63;12,82;12,5;13,93;10,67;6;6,762298076;0
1962;14,5;19,5;12,87;16,34;12,57;6;12,69823517;0
1963;14,5;15,6;12,5;16,01;11,93;5;9,913684392;0
1964;14,21;15,89;12,5;15,76;13,08;6;14,49277394;0
1965;14,5;19,5;12,52;16,23;14,68;6;8,199738496;1
1966;14,63;13,2;12,5;10,88;9,52;5;6,762671226;0
1967;13,28;14,54;12,96;12,85;14,56;6;12,02701756;0
1968;14,5;18,8;10,67;16,48;8,15;4;5,507079221;0
1969;14,56;18,15;12,98;12,44;15,5;6;7,368872833;1
1970;14,5;15,89;12,5;16,5;9,71;5;9,006429106;0
1971;14,5;19,5;11,23;16,5;10,14;4;10,57255923;0
1972;14,5;19,5;11,05;12,91;11,42;5;12,46357911;0
1973;14,47;15,84;12,5;13,42;15,34;6;9,877234923;0
1974;14,5;19,5;12,62;16,5;10,95;5;14,790925;0
1975;14,5;19,5;9,26;16,5;11,12;5;5,051369092;0
1976;14,5;14,68;12,5;13,26;15,5;6;9,772915267;0
1977;14,5;18,7;12,82;16,56;13,32;6;10,87260854;1
1978;14,5;18,98;11,23;16,5;9,6;5;7,424714109;0
1979;14,5;18,69;12,5;16,13;13,59;6;8,073158169;1
1980;14,5;17,53;12,8;16,5;11,93;5;6,579155187;0
1981;14,39;17,19;12,5;14,05;15,5;6;14,9121296;1
1982;14,5;18,02;12,5;16,39;15,5;6;13,83151336;1
1983;14,5;18,77;12,5;16,3;15,5;6;7,641083535;1
1984;14,5;16,87;12,5;16,5;10,88;5;9,367207301;0
1985;14,5;18,8;12,5;14,59;15,94;6;9,405719128;1
1986;14,5;19,5;12,5;16,5;14,5;6;11,86299627;1
1987;14,5;16,47;12,21;14,6;14,68;6;12,1219929;1
1988;13,3;12,77;12,5;9,98;15,43;6;13,31901385;0
1989;12,07;12,17;12,5;14,64;15,5;6;6,452482268;0
1990;14,5;18,05;12,5;16,2;8,27;5;13,08224195;0
1991;14,5;16,97;12,5;12,67;12,8;6;14,44512382;1
1992;14,5;19,5;11,46;15,51;11,86;5;10,18049739;0
1993;14,5;19,35;12,5;15,97;13,31;6;6,064760811;1
1994;14,5;19,15;12,5;15,49;14,55;6;9,743701116;1
1995;13,12;10,56;12,5;12,39;14,11;6;14,28502883;0
1996;14,5;19,5;11,21;16,5;15,5;6;5,037779946;1
1997;14,5;17,72;12,3;16,5;11,56;5;8,144775699;0
1998;14,5;19,5;12,28;16,5;9,24;4;10,69399777;0
1999;14,5;18,74;12,64;16,47;13;6;6,169071853;0
2000;14,5;16,16;12,5;16,5;12,78;6;13,90650361;0
2001;14,5;19,5;8,94;16,6;13,26;4;3,445803744;0
2002;12,87;12,17;12,5;12,45;15,5;3;11,71620004;0
2003;14,5;19,5;10,4;16,5;11,44;5;4,754391169;0
2004;13,92;11,93;12,5;15,04;13,14;6;7,293259452;0
2005;12,96;11,24;12,5;16,23;7,53;5;7,334558101;0
2006;14,5;17,59;12,84;14,07;14,8;6;8,003149197;1
2007;14,5;19,14;12,87;14,47;11,56;5;10,77385145;0
2008;13,71;10,74;12,5;13,54;15,95;6;14,27859981;0
2009;13,95;16,47;11,73;13,23;11,87;5;7,833112124;0
2010;14,63;17,4;12,28;16,43;14,38;5;8,531975512;0
2011;14,85;17,72;12,5;16,5;11,79;6;12,62218825;0
2012;14,5;19,5;8,67;15,13;7,74;4;7,054009613;0
2013;14,55;14,42;12,5;16,2;11,59;6;14,45107089;0
2014;14,5;19,16;12,5;12,21;11,94;6;12,31308924;1
2015;14,5;17,69;10,98;16,5;10,78;4;9,549274424;0
2016;14,5;19,5;11,63;16,5;15,48;5;5,239147942;0
2017;14,5;19,5;10,27;16,51;12,77;5;6,16301482;0
2018;14,5;12,66;12,93;13,72;11,31;2;8,081364816;0
2019;14,5;19,5;11,37;16,58;10,4;5;5,295121766;0
2020;14,5;19,5;10,27;16,57;9;4;7,091421541;0
2021;14,5;19,61;12,4;16,5;11,12;5;9,639101086;0
2022;14,5;15,75;12,55;15,52;12,8;6;14,12970651;0
2023;14,43;15,27;12,5;16,35;12,67;7;8,471088655;1
2024;14,56;13,44;12,5;10,32;14,84;5;10,16592001;0
2025;13,34;14,23;12,5;11,78;12,75;5;10,26657675;0
2026;13,48;10,37;12,5;15,51;15,5;6;6,678424818;0
2027;13,95;12,54;12,5;15,8;13,89;6;7,871134752;0
2028;14,5;19,5;11,9;16,5;12,16;5;6,00695588;0
2029;14,5;17,33;12,5;14,57;15,44;6;7,028335901;1
2030;14,5;19,35;12,5;16,57;12,81;5;8,887101061;0
2031;14,5;16,16;12,5;15,38;15,5;6;12,20372656;0
2032;14,5;15,35;12,61;16,3;15,5;6;7,072620944;0
2033;14,5;19,89;11,87;15,72;12,9;5;10,60123171;0
2034;14,5;19,89;12,14;16,5;12,15;5;6,094306274;0
2035;14,5;19,5;11,54;13,31;15,27;6;5,072958991;1
2036;12,64;10,21;12,5;16,39;12,06;6;13,32188561;0
2037;14,5;15,65;12,5;14,27;15,5;6;12,45746594;0
2038;14,5;19;12,15;16,45;14,18;6;13,67707214;1
2039;14,5;16,94;12,71;14,82;13,57;5;10,73422498;0
2040;14,42;18,42;12,11;13,04;13,06;6;9,670916251;1
2041;14,5;18,42;12,5;16,5;11,87;6;9,90657484;0
2042;14,5;19,07;12,5;15,16;15,5;6;11,2117395;1
2043;14,5;17,11;12,78;16,58;13,76;6;15,18478694;0
2044;14,5;19,5;12,5;16,5;15,19;6;14,81174486;1
2045;14,5;16,65;11,55;16,5;15,5;6;8,92150194;0
2046;14,5;19,5;11,31;16,17;14,31;6;11,74538895;1
2047;14,5;17,75;12,5;16,5;15,5;3;14,55013154;0
2048;14,5;19,5;12,5;16,5;13,61;6;11,68534815;1
2049;14,5;19,5;12,5;16,5;15;6;9,473873856;0
2050;14,5;17,82;12,25;15,09;15,19;6;5,977698363;1
2051;13,25;11;12,5;14,51;15,31;6;9,628336697;0
2052;14,39;11,8;12,5;16,8;10,54;6;6,319752211;0
2053;14,5;18,39;12,5;15,35;12,06;6;8,637385432;0
2055;14,5;17,62;12,99;16,8;11,08;5;13,97804327;0
2056;14,5;17,48;12,52;14,52;9,6;5;7,765305888;0
2057;14,5;17,02;12,27;14,33;13,28;5;12,34329549;0
2058;14,5;17,98;12,91;16,53;15,5;3;10,52495976;0
2059;14,5;16,73;12,5;16,5;15,5;6;7,563508746;1
2060;14,44;14,64;11,48;16,02;9,37;4;7,660888924;0
2061;14,5;18,26;12,5;16,5;13,35;6;7,855576351;1
2062;14,83;15,41;12,5;15,7;15,87;6;6,036617974;0
2063;14,5;17,45;10,79;16,5;14,1;5;9,876167258;0
2064;14,24;15,15;12,5;16,5;15,5;6;11,6075271;0
2065;14,5;19,5;11,84;13,21;11,13;5;12,38474069;0
2066;14,5;19,7;12,5;16,5;15,5;3;11,28051289;0
2067;14,5;13,73;12,5;14,64;10,46;6;12,11536606;0
2068;12,87;14,52;12,76;11,95;10,47;5;12,53588482;0
2069;14,5;19,5;10,2;16,5;7,94;4;3,309493521;0
2070;14,5;19,5;11,14;15,28;12,49;5;6,749963422;0
2071;14,5;17,83;11,24;16,5;11,89;5;7,148364313;0
2072;14,5;19,13;11,49;16,94;8,54;5;13,58968085;0
2073;14,5;19,55;11,36;16,58;13,86;5;9,428072365;0
2074;14,5;16,88;12,03;16,04;15,44;6;10,85922195;1
2075;14,89;14,76;12,5;16,5;13;6;13,70046072;0
2076;14,5;17,68;12,5;14,9;11,38;7;6,163313749;1
2077;14,65;16,71;12,38;16,5;6,81;5;13,04276838;0
2078;14,5;19,5;12,12;16,85;10,34;5;12,83995423;0
2079;14,5;14,77;12,5;16,2;12,22;3;13,27842747;0
2080;14,5;15,04;12,5;13,48;14,79;7;8,889084299;1
2081;NA;NA;NA;NA;NA;NA;NA;0
2082;NA;NA;NA;NA;NA;NA;NA;0
