ID;PRENOM;GENRE;SEG.VALEUR;AGE;CODE_DPT;DAT.ARRIVEE;ANCIENNETE
1075;PRENOM_Zoé ;F;B;22.0;73;2014-11-27;19.3186718413
1187;PRENOM_Zoé ;G;B;23.0;62;2014-11-08;19.9429146389
1304;PRENOM_Zoé ;F;B;23.0;56;2014-05-02;26.1853426148
1003;PRENOM_Zoé ;G;A;24.4;37;2016-03-24;3.44976282881
1454;PRENOM_Zoé ;F;B;27.0;86;2016-03-16;3.71260190148
1043;PRENOM_Zoé ;F;B;29.0;79;2014-07-07;24.0169202653
1265;PRENOM_Zoé ;F;B;30.0;30;2014-12-15;18.7272839278
1242;PRENOM_Zoé ;F;A;30.8;63;2016-01-24;5.42105587384
1044;PRENOM_Zoé ;F;B;31.0;84;2015-02-27;16.2960225056
2004;PRENOM_Zoé ;F;B;31.0;80;2015-06-16;12.7148401405
1262;PRENOM_Zoé ;F;B;33.0;21;2016-03-04;4.10686051048
1979;PRENOM_Zoé ;G;B;33.0;10;2015-02-14;16.7231359987
1993;PRENOM_Zoé ;F;B;33.0;22;2014-06-02;25.1668412082
1327;PRENOM_Zoé ;G;A;33.2;46;2016-02-16;4.66539353991
1651;PRENOM_Zoé ;F;A;34.0;42;2015-08-01;11.2035154726
2045;PRENOM_Zoé ;F;B;37.0;17;2015-05-14;13.7990513152
1226;PRENOM_Zoé ;G;B;38.0;60;2016-03-04;4.10686051048
1619;PRENOM_Zoé ;F;A;38.0;55;2015-03-25;15.4417955194
1857;PRENOM_Zoé ;F;A;38.8;58;2015-05-29;13.306228054
1641;PRENOM_Zoé ;F;A;39.6;58;2015-07-24;11.4663545453
2069;PRENOM_Zoé ;F;A;39.6;19;2015-04-27;14.3575843446
1100;PRENOM_Zoé ;G;A;39.6842300557;29;2015-12-03;7.1295098462
1536;PRENOM_Zoé ;G;B;40.0;61;2015-08-28;10.3164336023
1803;PRENOM_Zoé ;F;A;40.4;73;2015-09-24;9.42935173207
1954;PRENOM_Zoé ;F;A;44.4;66;2016-01-04;6.07815355551
1093;PRENOM_Zoé ;F;B;46.0;92;2015-02-04;17.0516848395
1987;PRENOM_Zoé ;G;B;46.0;11;2014-06-20;24.5754532947
1237;PRENOM_Zoé ;F;C;48.8;86;2016-01-17;5.65104006242
1845;PRENOM_Zoé ;G;C;48.8;50;2015-04-25;14.4232941128
1109;PRENOM_Zoé ;F;B;49.0;76;2015-01-08;17.9387667098
1411;PRENOM_Zoé ;G;B;51.0;22;2015-03-17;15.7046345921
1763;PRENOM_Zoé ;F;B;51.0;95;2015-05-05;14.094745272
1038;PRENOM_Zoé ;F;B;52.0;63;2015-10-06;9.03509312306
1604;PRENOM_Zoé ;F;B;52.0;49;2014-05-05;26.0867779626
1117;PRENOM_Zoé ;F;C;52.4;25;2015-07-10;11.9263229224
2002;PRENOM_Zoé ;F;B;54.0;9;2015-05-19;13.6347768948
1694;PRENOM_Zoé ;F;B;56.0;28;2015-10-28;8.31228567322
1127;PRENOM_Zoé ;F;C;59.6;4;2015-11-10;7.88517218013
1781;PRENOM_Zoé ;G;B;61.0;81;2016-03-12;3.84402143781
1712;PRENOM_Zoé ;F;B;62.0;58;2015-02-09;16.8874104191
1928;PRENOM_Zoé ;G;B;62.0;93;2015-11-18;7.62233310746
1146;PRENOM_Tom;F;A;19.6;46;2016-01-09;5.9138791351
1668;PRENOM_Tom;F;B;22.0;43;2015-01-31;17.1831043759
1568;PRENOM_Tom;F;A;22.8;4;2015-11-05;8.04944660055
1582;PRENOM_Tom;F;B;23.0;64;2015-08-29;10.2835787182
1052;PRENOM_Tom;F;B;27.0;56;2014-08-26;22.3741760611
1294;PRENOM_Tom;F;B;29.0;52;2015-12-09;6.93238054169
1380;PRENOM_Tom;F;A;29.2;10;2015-04-05;15.0803917945
1279;PRENOM_Tom;F;B;30.0;80;2015-07-18;11.6634838498
1388;PRENOM_Tom;F;B;31.0;16;2014-12-31;18.2016057825
2062;PRENOM_Tom;F;B;31.0;25;2016-03-04;4.10686051048
1902;PRENOM_Tom;G;B;34.0;64;2016-03-20;3.58118236514
1646;PRENOM_Tom;G;B;35.0;56;2014-10-11;20.8628513933
1350;PRENOM_Tom;F;A;35.6;84;2015-12-24;6.43955728044
1266;PRENOM_Tom;F;A;37.2;30;2016-05-04;2.10271258137
1905;PRENOM_Tom;F;B;38.0;3;2015-03-03;16.1646029693
1241;PRENOM_Tom;G;A;38.8;56;2016-01-25;5.38820098975
1553;PRENOM_Tom;F;A;39.6;72;2015-07-17;11.6963387339
1854;PRENOM_Tom;F;B;41.0;69;2015-02-01;17.1502494918
1843;PRENOM_Tom;G;A;41.2;81;2015-12-21;6.53812193269
1695;PRENOM_Tom;F;C;41.6;60;2015-06-25;12.4191461837
1873;PRENOM_Tom;F;B;43.0;12;2015-07-21;11.5649191975
2014;PRENOM_Tom;G;B;44.0;26;2016-03-05;4.0740056264
1145;PRENOM_Tom;F;B;45.0;50;2014-11-12;19.8114951026
1448;PRENOM_Tom;F;B;47.0;56;2015-10-20;8.57512474589
1406;PRENOM_Tom;F;A;47.6;94;2015-08-27;10.3492884864
1628;PRENOM_Tom;G;B;49.0;48;2015-12-09;6.93238054169
2027;PRENOM_Tom;F;B;49.0;18;2014-09-19;21.5856588431
1912;PRENOM_Tom;F;A;49.2;63;2015-02-22;16.460296926
1163;PRENOM_Tom;F;B;52.0;62;2015-02-05;17.0188299554
1255;PRENOM_Tom;F;B;52.0;27;2015-07-22;11.5320643134
1711;PRENOM_Tom;G;B;52.0;89;2014-09-15;21.7170783794
1800;PRENOM_Tom;F;B;53.0;57;2015-12-17;6.66954146902
1985;PRENOM_Tom;G;B;53.0;46;2014-06-06;25.0354216719
1875;PRENOM_Tom;F;B;54.0;70;2014-11-07;19.975769523
2047;PRENOM_Tom;F;B;54.0;22;2014-10-23;20.4685927842
1965;PRENOM_Tom;F;B;58.0;7;2014-08-20;22.5713053656
1621;PRENOM_Tom;F;C;66.8;2;2015-11-15;7.72089775971
1293;PRENOM_Tom;G;C;72.8;11;2014-11-03;20.1071890593
1207;PRENOM_Timéo;G;A;18.8;95;2016-01-08;5.94673401918
1975;PRENOM_Timéo;F;A;19.6;8;2015-10-13;8.80510893448
1624;PRENOM_Timéo;F;A;22.0;24;2015-05-06;14.0618903879
1759;PRENOM_Timéo;F;B;23.0;40;2016-01-22;5.486765642
1381;PRENOM_Timéo;F;A;27.6;58;2016-03-18;3.64689213331
1161;PRENOM_Timéo;F;B;30.0;77;2015-02-05;17.0188299554
1627;PRENOM_Timéo;F;B;31.0;42;2016-02-23;4.43540935132
2038;PRENOM_Timéo;F;C;32.0;64;2014-10-22;20.5014476683
2079;PRENOM_Timéo;G;B;32.0;28;2015-03-11;15.9017638966
1682;PRENOM_Timéo;F;B;34.0;32;2015-01-15;17.7087825212
1007;PRENOM_Timéo;F;A;35.6;12;2015-08-06;11.0392410522
1382;PRENOM_Timéo;F;B;36.0;36;2015-03-02;16.1974578533
1013;PRENOM_Timéo;F;A;38.0;8;2016-02-08;4.92823261258
1280;PRENOM_Timéo;G;B;38.0;95;2014-11-21;19.5158011458
1528;PRENOM_Timéo;G;B;38.0;49;2014-09-28;21.2899648863
1175;PRENOM_Timéo;F;B;40.0;35;2016-01-25;5.38820098975
1289;PRENOM_Timéo;F;B;41.0;73;2014-10-11;20.8628513933
1169;PRENOM_Timéo;G;B;42.0;77;2016-02-16;4.66539353991
1868;PRENOM_Timéo;F;A;42.0;79;2015-08-18;10.6449824432
1005;PRENOM_Timéo;F;B;43.0;52;2015-02-05;17.0188299554
1617;PRENOM_Timéo;F;B;44.0;66;2014-10-06;21.0271258137
1077;PRENOM_Timéo;G;B;45.0;9;2015-10-23;8.47656009364
1132;PRENOM_Timéo;F;B;45.0;95;2015-05-11;13.8976159675
1340;PRENOM_Timéo;F;B;47.0;47;2015-10-11;8.87081870264
1396;PRENOM_Timéo;F;B;47.0;42;2015-02-24;16.3945871578
1115;PRENOM_Timéo;F;B;48.0;83;2015-05-04;14.1276001561
1483;PRENOM_Timéo;G;B;48.0;7;2014-08-26;22.3741760611
2077;PRENOM_Timéo;F;B;48.0;39;2015-03-01;16.2303127374
1809;PRENOM_Timéo;G;B;53.0;50;2014-12-27;18.3330253188
1011;PRENOM_Timéo;F;B;56.0;39;2014-12-24;18.431589971
1962;PRENOM_Timéo;F;B;59.0;60;2016-01-25;5.38820098975
1632;PRENOM_Théo;F;B;23.0;87;2014-11-29;19.2529620731
1036;PRENOM_Théo;F;C;26.0;95;2014-07-16;23.7212263085
1358;PRENOM_Théo;F;A;26.0;71;2015-03-29;15.3103759831
1573;PRENOM_Théo;F;A;26.0;40;2016-04-22;2.49697119037
1813;PRENOM_Théo;G;A;26.0;55;2015-10-19;8.60797962997
1951;PRENOM_Théo;G;B;26.0;53;2015-06-24;12.4520010678
1071;PRENOM_Théo;F;A;26.8;41;2015-06-22;12.517710836
1610;PRENOM_Théo;F;B;27.0;42;2015-03-18;15.671779708
1823;PRENOM_Théo;G;B;28.0;90;2014-11-15;19.7129304503
1882;PRENOM_Théo;F;C;28.4;54;2014-07-15;23.7540811926
1202;PRENOM_Théo;G;B;30.0;16;2015-06-01;13.2076634017
1542;PRENOM_Théo;G;B;31.0;39;2014-11-27;19.3186718413
1081;PRENOM_Théo;F;A;36.4;95;2015-05-24;13.4705024744
1692;PRENOM_Théo;F;A;36.4;48;2015-04-16;14.7189880696
1776;PRENOM_Théo;F;B;37.0;11;2016-03-01;4.20542516273
1689;PRENOM_Théo;F;A;37.2;14;2016-03-13;3.81116655373
1821;PRENOM_Théo;G;A;38.0;52;2016-03-06;4.04115074232
2048;PRENOM_Théo;F;B;41.0;86;2015-02-26;16.3288773897
1791;PRENOM_Théo;G;A;41.2;44;2015-10-14;8.77225405039
1305;PRENOM_Théo;G;B;43.0;94;2015-05-02;14.1933099242
1799;PRENOM_Théo;F;B;43.0;69;2015-03-13;15.8360541284
1359;PRENOM_Théo;G;B;45.0;52;2014-12-09;18.9244132323
1116;PRENOM_Théo;F;B;46.0;52;2016-01-31;5.19107168525
1441;PRENOM_Théo;F;A;48.4;23;2015-06-17;12.6819852564
1708;PRENOM_Théo;G;A;48.4;60;2015-11-19;7.58947822337
1047;PRENOM_Théo;F;B;49.0;65;2014-07-21;23.5569518881
1696;PRENOM_Théo;G;B;49.0;71;2015-09-08;9.95502987741
1743;PRENOM_Théo;F;B;52.0;6;2014-07-13;23.8197909608
2054;PRENOM_Théo;F;B;52.0;11;2015-07-19;11.6306289657
1741;PRENOM_Théo;F;B;53.0;48;2014-05-27;25.3639705127
1259;PRENOM_Théo;G;B;58.0;19;2015-06-12;12.8462596768
1934;PRENOM_Théo;G;B;58.0;21;2014-12-27;18.3330253188
1276;PRENOM_Théo;F;B;59.0;11;2014-05-01;26.2181974989
2063;PRENOM_Sarah;F;A;19.6;16;2015-08-08;10.973531284
1990;PRENOM_Sarah;F;B;24.0;93;2015-07-16;11.7291936179
1607;PRENOM_Sarah;G;A;24.4;80;2016-02-14;4.73110330808
1307;PRENOM_Sarah;F;A;25.2;10;2015-11-01;8.18086613688
1511;PRENOM_Sarah;F;A;25.2;33;2015-05-28;13.339082938
1061;PRENOM_Sarah;F;A;26.0;79;2015-07-08;11.9920326906
1215;PRENOM_Sarah;F;B;26.0;53;2015-12-09;6.93238054169
1541;PRENOM_Sarah;F;C;28.4;45;2015-09-21;9.52791638432
1216;PRENOM_Sarah;F;B;29.0;21;2015-04-13;14.8175527218
1955;PRENOM_Sarah;F;B;29.0;29;2015-11-15;7.72089775971
2058;PRENOM_Sarah;F;B;33.0;25;2014-06-09;24.9368570197
1806;PRENOM_Sarah;G;B;34.0;27;2014-11-28;19.2858169572
1524;PRENOM_Sarah;F;A;34.8;74;2015-03-05;16.0988932011
1025;PRENOM_Sarah;G;B;35.0;63;2015-09-03;10.1193042978
1818;PRENOM_Sarah;F;B;36.0;5;2015-06-20;12.5834206041
1567;PRENOM_Sarah;F;A;37.2;1;2015-04-03;15.1461015627
1495;PRENOM_Sarah;F;B;38.0;71;2014-06-23;24.4768886425
1151;PRENOM_Sarah;G;A;39.6;20;2015-03-09;15.9674736648
1368;PRENOM_Sarah;F;A;40.4;7;2016-03-28;3.31834329247
1792;PRENOM_Sarah;F;A;46.8;94;2015-05-04;14.1276001561
1878;PRENOM_Sarah;G;A;48.4;64;2015-11-04;8.08230148463
1510;PRENOM_Sarah;G;A;49.2;51;2015-07-25;11.4334996612
1035;PRENOM_Sarah;G;B;50.0;16;2015-06-14;12.7805499086
1950;PRENOM_Sarah;G;B;50.0;27;2015-02-12;16.7888457669
1487;PRENOM_Sarah;G;B;51.0;76;2015-12-10;6.89952565761
1930;PRENOM_Sarah;F;B;52.0;70;2015-03-08;16.0003285488
2006;PRENOM_Sarah;G;B;52.0;49;2016-02-06;4.99394238075
1489;PRENOM_Sarah;G;B;55.0;88;2015-07-16;11.7291936179
1915;PRENOM_Sarah;G;C;59.6;30;2015-04-29;14.2918745765
1465;PRENOM_Raphaël;G;A;18.8;13;2015-08-05;11.0720959363
1534;PRENOM_Raphaël;G;B;22.0;26;2015-11-04;8.08230148463
1086;PRENOM_Raphaël;F;A;23.6;4;2015-11-26;7.35949403479
1390;PRENOM_Raphaël;G;B;26.0;87;2015-04-20;14.5875685332
1959;PRENOM_Raphaël;G;B;26.0;60;2014-12-23;18.4644448551
1020;PRENOM_Raphaël;G;A;26.8;30;2015-09-12;9.82361034107
1267;PRENOM_Raphaël;G;B;29.0;79;2015-12-10;6.89952565761
1595;PRENOM_Raphaël;F;B;29.0;66;2014-06-24;24.4440337584
1089;PRENOM_Raphaël;F;B;30.0;6;2015-08-01;11.2035154726
1565;PRENOM_Raphaël;G;B;32.0;58;2015-09-24;9.42935173207
2074;PRENOM_Raphaël;F;B;32.0;74;2014-08-20;22.5713053656
1019;PRENOM_Raphaël;F;B;35.0;77;2015-01-18;17.610217869
1841;PRENOM_Raphaël;G;B;35.0;37;2015-08-20;10.579272675
1065;PRENOM_Raphaël;F;B;38.0;35;2014-07-09;23.9512104971
1083;PRENOM_Raphaël;G;B;39.0;63;2015-03-01;16.2303127374
1517;PRENOM_Raphaël;F;B;39.0;11;2014-09-04;22.0784821044
1894;PRENOM_Raphaël;F;B;41.0;91;2015-12-19;6.60383170086
1697;PRENOM_Raphaël;F;A;41.2;7;2015-06-25;12.4191461837
1009;PRENOM_Raphaël;F;B;42.0;88;2014-11-03;20.1071890593
1029;PRENOM_Raphaël;G;B;42.0;82;2015-11-01;8.18086613688
1906;PRENOM_Raphaël;F;B;42.0;34;2015-10-21;8.5422698618
1345;PRENOM_Raphaël;F;A;42.8;70;2015-08-18;10.6449824432
1751;PRENOM_Raphaël;F;A;42.8;94;2015-09-26;9.3636419639
1777;PRENOM_Raphaël;F;A;42.8;56;2015-12-23;6.47241216452
1740;PRENOM_Raphaël;F;B;45.0;10;2015-03-06;16.066038317
1599;PRENOM_Raphaël;F;A;45.2;49;2015-11-01;8.18086613688
2016;PRENOM_Raphaël;F;B;49.0;84;2015-11-18;7.62233310746
1378;PRENOM_Raphaël;F;B;53.0;74;2015-08-07;11.0063861681
1458;PRENOM_Raphaël;F;C;53.6;42;2015-07-17;11.6963387339
1383;PRENOM_Raphaël;G;B;59.0;24;2014-11-20;19.5486560299
1885;PRENOM_Raphaël;F;B;59.0;64;2015-11-10;7.88517218013
1981;PRENOM_Raphaël;G;C;70.4;62;2015-03-11;15.9017638966
1073;PRENOM_Raphaël;F;C;72.8;15;2016-03-10;3.90973120598
1469;PRENOM_Noah;F;A;22.8;18;2015-03-11;15.9017638966
1414;PRENOM_Noah;F;B;23.0;38;2015-02-27;16.2960225056
1901;PRENOM_Noah;F;A;24.4;44;2015-04-17;14.6861331855
1080;PRENOM_Noah;G;B;25.0;71;2015-10-27;8.3451405573
1947;PRENOM_Noah;G;B;25.0;75;2014-12-04;19.0886876527
1789;PRENOM_Noah;F;A;27.6;40;2015-10-13;8.80510893448
2078;PRENOM_Noah;F;A;27.6;22;2015-05-20;13.6019220107
1872;PRENOM_Noah;F;C;29.6;49;2014-11-15;19.7129304503
1084;PRENOM_Noah;F;B;30.0;8;2016-01-25;5.38820098975
2051;PRENOM_Noah;F;B;31.0;36;2014-09-21;21.5199490749
1605;PRENOM_Noah;F;C;36.8;55;2015-10-02;9.1665126594
1224;PRENOM_Noah;F;B;37.0;85;2015-08-10;10.9078215158
1332;PRENOM_Noah;F;A;38.0;32;2016-03-08;3.97544097415
1348;PRENOM_Noah;F;A;38.8;41;2015-04-30;14.2590196924
1070;PRENOM_Noah;F;B;41.0;58;2015-09-19;9.59362615249
1561;PRENOM_Noah;F;B;41.0;69;2014-04-30;26.251052383
1797;PRENOM_Noah;G;B;42.0;51;2015-04-05;15.0803917945
1341;PRENOM_Noah;F;B;44.0;37;2014-06-27;24.3454691061
1298;PRENOM_Noah;G;B;45.0;37;2015-02-28;16.2631676215
1825;PRENOM_Noah;G;B;45.0;58;2015-10-18;8.64083451406
1815;PRENOM_Noah;F;A;45.2;58;2015-08-11;10.8749666318
1427;PRENOM_Noah;F;B;48.0;14;2016-02-17;4.63253865582
1493;PRENOM_Noah;F;B;48.0;11;2015-12-11;6.86667077353
1747;PRENOM_Noah;F;A;48.4;24;2015-08-26;10.3821433705
1371;PRENOM_Noah;F;B;50.0;80;2014-04-28;26.3167621512
1193;PRENOM_Noah;F;B;51.0;37;2015-09-20;9.5607712684
1504;PRENOM_Noah;F;B;53.0;53;2015-09-27;9.33078707982
1775;PRENOM_Noah;F;B;54.0;4;2015-01-10;17.8730569416
1389;PRENOM_Noah;F;B;58.0;39;2014-10-20;20.5671574365
1762;PRENOM_Noah;F;B;58.0;63;2015-05-28;13.339082938
1058;PRENOM_Noah;F;C;66.8;7;2015-10-26;8.37799544138
1726;PRENOM_Maëlys;F;A;21.2;44;2015-03-05;16.0988932011
1967;PRENOM_Maëlys;F;B;22.0;78;2015-06-18;12.6491303723
1321;PRENOM_Maëlys;F;A;22.8;57;2015-03-22;15.5403601717
1366;PRENOM_Maëlys;G;A;22.8;62;2015-04-14;14.7846978377
1130;PRENOM_Maëlys;G;B;23.0;41;2015-02-09;16.8874104191
1944;PRENOM_Maëlys;G;A;23.6;91;2015-12-07;6.99809030986
1022;PRENOM_Maëlys;G;B;24.0;74;2014-06-20;24.5754532947
1064;PRENOM_Maëlys;F;B;27.0;71;2014-08-03;23.129838395
1379;PRENOM_Maëlys;G;B;27.0;68;2014-06-16;24.7068728311
1863;PRENOM_Maëlys;F;B;27.0;20;2014-11-05;20.0414792912
1969;PRENOM_Maëlys;G;B;31.0;2;2015-04-10;14.9161173741
1302;PRENOM_Maëlys;F;A;31.6;75;2015-12-05;7.06380007803
1768;PRENOM_Maëlys;G;A;31.6;57;2016-02-28;4.2711349309
1402;PRENOM_Maëlys;G;A;32.4;6;2016-02-23;4.43540935132
1054;PRENOM_Maëlys;F;B;33.0;38;2014-09-10;21.8813527999
1940;PRENOM_Maëlys;G;B;36.0;45;2015-03-28;15.3432308672
1728;PRENOM_Maëlys;F;B;37.0;65;2015-10-02;9.1665126594
1640;PRENOM_Maëlys;G;B;40.0;57;2015-04-25;14.4232941128
1571;PRENOM_Maëlys;F;B;41.0;83;2015-10-22;8.50941497772
1273;PRENOM_Maëlys;F;A;42.8;87;2015-04-21;14.5547136492
1630;PRENOM_Maëlys;G;A;43.6;11;2015-11-08;7.95088194829
1178;PRENOM_Maëlys;G;B;44.0;54;2015-02-28;16.2631676215
1669;PRENOM_Maëlys;F;B;45.0;84;2015-08-19;10.6121275591
2005;PRENOM_Maëlys;G;A;46.0;95;2016-02-22;4.46826423541
1765;PRENOM_Maëlys;G;B;48.0;16;2015-08-01;11.2035154726
1149;PRENOM_Maëlys;G;B;49.0;60;2014-08-17;22.6698700179
1421;PRENOM_Maëlys;F;A;50.0;28;2016-01-14;5.74960471468
1942;PRENOM_Maëlys;F;B;53.0;33;2015-04-30;14.2590196924
1225;PRENOM_Maëlys;G;B;55.0;9;2014-05-23;25.4953900491
2066;PRENOM_Maëlys;F;B;56.0;80;2014-04-25;26.4153268034
1008;PRENOM_Maëlys;F;B;57.0;7;2014-11-20;19.5486560299
1261;PRENOM_Maëlys;F;B;58.0;80;2016-03-13;3.81116655373
1936;PRENOM_Maëlys;F;B;61.0;1;2014-05-08;25.9882133103
1828;PRENOM_Maël;F;A;18.8;85;2015-07-07;12.0248875747
1463;PRENOM_Maël;F;A;19.6;17;2015-11-17;7.65518799154
1023;PRENOM_Maël;F;A;20.4;84;2015-07-02;12.1891619951
1188;PRENOM_Maël;G;A;20.4;69;2016-01-21;5.51962052609
1866;PRENOM_Maël;G;A;22.0;92;2015-03-17;15.7046345921
1674;PRENOM_Maël;F;B;23.0;93;2015-04-08;14.9818271422
1363;PRENOM_Maël;F;A;23.6;15;2015-08-29;10.2835787182
1439;PRENOM_Maël;G;B;25.0;48;2015-04-24;14.4561489969
1471;PRENOM_Maël;F;B;26.0;51;2014-10-27;20.3371732479
1467;PRENOM_Maël;G;A;27.6;90;2015-10-16;8.70654428222
1367;PRENOM_Maël;G;B;28.0;29;2015-09-16;9.69219080474
1283;PRENOM_Maël;F;A;29.2;74;2015-08-18;10.6449824432
1688;PRENOM_Maël;F;B;31.0;39;2014-06-27;24.3454691061
1529;PRENOM_Maël;F;A;31.6;20;2015-03-12;15.8689090125
1706;PRENOM_Maël;F;A;31.6;56;2015-12-19;6.60383170086
1999;PRENOM_Maël;F;B;33.0;56;2016-01-14;5.74960471468
2052;PRENOM_Maël;F;B;35.0;47;2015-05-18;13.6676317789
2015;PRENOM_Maël;G;A;35.6;52;2015-08-07;11.0063861681
1453;PRENOM_Maël;F;A;36.4;76;2015-05-10;13.9304708516
1634;PRENOM_Maël;G;A;36.4;56;2015-09-18;9.62648103657
1251;PRENOM_Maël;F;A;38.8;12;2015-09-09;9.92217499333
1159;PRENOM_Maël;F;B;40.0;3;2014-10-27;20.3371732479
1996;PRENOM_Maël;G;B;40.0;27;2016-01-25;5.38820098975
1774;PRENOM_Maël;F;A;40.4;41;2015-06-01;13.2076634017
1787;PRENOM_Maël;F;A;40.4;50;2015-05-29;13.306228054
1016;PRENOM_Maël;G;B;42.0;86;2014-10-26;20.370028132
1018;PRENOM_Maël;F;B;43.0;58;2015-06-04;13.1090987495
1091;PRENOM_Maël;G;A;46.8;65;2015-09-27;9.33078707982
1190;PRENOM_Maël;G;B;47.0;3;2015-03-05;16.0988932011
1103;PRENOM_Maël;F;B;50.0;53;2014-11-28;19.2858169572
1731;PRENOM_Maël;F;B;50.0;93;2015-06-10;12.911969445
1323;PRENOM_Maël;F;B;56.0;65;2015-05-02;14.1933099242
1911;PRENOM_Maël;F;B;59.0;64;2014-08-25;22.4070309452
1494;PRENOM_Maël;G;B;60.0;53;2015-08-15;10.7435470954
1676;PRENOM_Maël;F;B;60.0;25;2015-08-11;10.8749666318
1456;PRENOM_Maël;F;B;61.0;69;2014-11-21;19.5158011458
1785;PRENOM_Maël;F;C;62.0;85;2013-10-26;32.3620608226
1995;PRENOM_Maël;G;C;64.4;36;2016-01-06;6.01244378735
1256;PRENOM_Maël;F;C;66.8;56;2015-10-21;8.5422698618
1419;PRENOM_Mathis;F;A;20.4;49;2015-04-20;14.5875685332
1260;PRENOM_Mathis;G;A;21.2;41;2016-03-05;4.0740056264
1435;PRENOM_Mathis;F;A;22.8;42;2015-07-23;11.4992094294
1328;PRENOM_Mathis;F;B;23.0;53;2015-04-20;14.5875685332
1271;PRENOM_Mathis;F;B;25.0;25;2014-06-21;24.5425984106
2028;PRENOM_Mathis;F;A;25.2;55;2016-02-04;5.05965214891
1096;PRENOM_Mathis;F;A;26.8;86;2015-08-24;10.4478531387
1370;PRENOM_Mathis;G;B;29.0;7;2014-10-15;20.7314318569
1961;PRENOM_Mathis;F;B;30.0;74;2016-02-11;4.82966796033
2076;PRENOM_Mathis;F;B;30.0;30;2014-11-14;19.7457853344
1403;PRENOM_Mathis;F;B;34.0;32;2015-01-20;17.5445081008
1502;PRENOM_Mathis;F;A;34.8;40;2015-12-12;6.83381588944
1977;PRENOM_Mathis;F;B;36.0;25;2014-07-03;24.1483398016
1415;PRENOM_Mathis;F;B;37.0;71;2015-07-03;12.156307111
1822;PRENOM_Mathis;F;A;39.6;29;2015-05-31;13.2405182858
1916;PRENOM_Mathis;G;A;40.4;94;2015-04-20;14.5875685332
1349;PRENOM_Mathis;G;A;42.0;37;2016-01-26;5.35534610567
1014;PRENOM_Mathis;F;B;43.0;7;2014-12-08;18.9572681164
1110;PRENOM_Mathis;G;A;44.4;37;2015-12-18;6.63668658494
1927;PRENOM_Mathis;G;A;44.4;88;2016-03-04;4.10686051048
1434;PRENOM_Mathis;G;B;46.0;57;2014-05-18;25.6596644695
2050;PRENOM_Mathis;F;B;46.0;12;2014-10-21;20.5343025524
2055;PRENOM_Mathis;F;B;46.0;69;2015-10-04;9.10080289123
1838;PRENOM_Mathis;F;A;47.6;7;2015-08-12;10.8421117477
2009;PRENOM_Mathis;G;A;47.6;48;2016-02-29;4.23828004682
1717;PRENOM_Mathis;F;B;48.0;59;2015-05-14;13.7990513152
1772;PRENOM_Mathis;F;A;48.4;84;2015-12-28;6.3081377441
1306;PRENOM_Mathis;F;B;57.0;37;2015-11-24;7.42520380295
1733;PRENOM_Mathis;F;B;59.0;69;2015-09-24;9.42935173207
1855;PRENOM_Mathis;G;C;59.6;23;2014-03-09;27.9595063554
2049;PRENOM_Mathis;G;B;61.0;37;2016-02-17;4.63253865582
1155;PRENOM_Mathis;G;C;62.0;19;2015-03-29;15.3103759831
1300;PRENOM_Manon;G;A;21.2;36;2015-10-03;9.13365777531
1752;PRENOM_Manon;F;B;22.0;92;2016-01-10;5.88102425101
1092;PRENOM_Manon;F;A;26.0;4;2016-01-31;5.19107168525
2073;PRENOM_Manon;F;A;26.8;42;2016-04-16;2.69410049488
1297;PRENOM_Manon;F;C;27.2;42;2014-05-01;26.2181974989
1386;PRENOM_Manon;F;A;27.6;4;2015-11-26;7.35949403479
1735;PRENOM_Manon;F;A;28.4;25;2016-01-14;5.74960471468
1830;PRENOM_Manon;G;A;28.4;17;2015-08-28;10.3164336023
1053;PRENOM_Manon;G;A;30.8;76;2015-02-20;16.5260066942
1095;PRENOM_Manon;F;C;32.0;70;2015-01-07;17.9716215939
1655;PRENOM_Manon;G;B;32.0;95;2015-01-23;17.4459434485
1578;PRENOM_Manon;F;A;32.4;26;2015-10-10;8.90367358673
1039;PRENOM_Manon;F;B;33.0;14;2015-03-21;15.5732150558
1681;PRENOM_Manon;G;B;35.0;34;2015-01-07;17.9716215939
1498;PRENOM_Manon;F;A;35.6;78;2016-01-22;5.486765642
1600;PRENOM_Manon;G;A;37.2;4;2015-10-29;8.27943078913
1596;PRENOM_Manon;F;B;38.0;85;2015-11-20;7.55662333929
1181;PRENOM_Manon;F;A;39.6;20;2015-05-09;13.9633257356
1436;PRENOM_Manon;F;B;42.0;63;2015-11-19;7.58947822337
1890;PRENOM_Manon;F;A;42.0;86;2016-01-27;5.32249122159
1045;PRENOM_Manon;F;A;42.8;71;2015-07-24;11.4663545453
1850;PRENOM_Manon;G;A;43.6;1;2015-08-24;10.4478531387
1295;PRENOM_Manon;F;A;44.4;56;2015-02-27;16.2960225056
1049;PRENOM_Manon;F;C;46.4;85;2015-08-12;10.8421117477
1479;PRENOM_Manon;F;B;47.0;30;2016-03-04;4.10686051048
1745;PRENOM_Manon;F;B;47.0;70;2015-09-28;9.29793219573
1090;PRENOM_Manon;F;B;49.0;91;2014-12-27;18.3330253188
1459;PRENOM_Manon;F;B;50.0;65;2014-06-09;24.9368570197
1840;PRENOM_Manon;F;B;51.0;75;2015-05-03;14.1604550401
2041;PRENOM_Manon;F;B;54.0;24;2015-03-14;15.8031992443
1633;PRENOM_Manon;F;B;56.0;3;2016-01-27;5.32249122159
1635;PRENOM_Manon;G;C;56.0;37;2013-12-23;30.4564775457
1560;PRENOM_Manon;F;B;58.0;96;2015-10-28;8.31228567322
1082;PRENOM_Manon;F;B;60.0;20;2015-07-14;11.7949033861
1337;PRENOM_Manon;F;B;60.0;69;2014-11-04;20.0743341752
1437;PRENOM_Manon;F;B;60.0;20;2015-05-16;13.7333415471
1105;PRENOM_Léna;G;A;18.8;92;2016-02-21;4.50111911949
1254;PRENOM_Léna;F;A;20.4;60;2015-10-30;8.24657590505
1157;PRENOM_Léna;F;B;23.0;2;2016-02-01;5.15821680117
2065;PRENOM_Léna;G;A;26.8;62;2015-12-05;7.06380007803
1699;PRENOM_Léna;F;B;27.0;44;2015-05-10;13.9304708516
1801;PRENOM_Léna;F;A;27.6;5;2016-01-06;6.01244378735
1452;PRENOM_Léna;G;A;29.2;72;2015-04-12;14.8504076059
1734;PRENOM_Léna;F;B;30.0;41;2014-10-03;21.1256904659
1556;PRENOM_Léna;F;A;30.8;92;2015-05-25;13.4376475903
1042;PRENOM_Léna;G;B;35.0;81;2016-01-09;5.9138791351
1186;PRENOM_Léna;F;B;36.0;84;2016-02-18;4.59968377174
1761;PRENOM_Léna;F;B;36.0;71;2015-10-18;8.64083451406
1893;PRENOM_Léna;F;B;38.0;77;2014-11-17;19.6472206821
1244;PRENOM_Léna;G;C;40.4;50;2014-12-22;18.4972997392
1275;PRENOM_Léna;F;C;40.4;56;2013-12-04;31.0807203433
1461;PRENOM_Léna;G;B;41.0;19;2015-03-20;15.6060699398
1079;PRENOM_Léna;F;B;42.0;49;2014-05-06;26.0539230785
1399;PRENOM_Léna;F;B;45.0;82;2015-03-23;15.5075052876
1258;PRENOM_Léna;G;A;45.2;6;2015-10-27;8.3451405573
1339;PRENOM_Léna;F;B;46.0;63;2016-01-08;5.94673401918
1662;PRENOM_Léna;G;B;46.0;8;2015-10-20;8.57512474589
1991;PRENOM_Léna;G;B;47.0;53;2014-07-29;23.2941128155
1282;PRENOM_Léna;G;B;49.0;5;2015-01-31;17.1831043759
1754;PRENOM_Léna;F;B;49.0;75;2015-04-28;14.3247294606
1234;PRENOM_Léna;F;B;55.0;72;2014-06-06;25.0354216719
1484;PRENOM_Léna;F;B;55.0;82;2014-11-05;20.0414792912
1098;PRENOM_Léna;F;C;56.0;90;2014-08-26;22.3741760611
1136;PRENOM_Léna;G;B;56.0;47;2016-03-13;3.81116655373
1212;PRENOM_Léna;F;B;56.0;54;2015-11-26;7.35949403479
1326;PRENOM_Léa;F;A;19.6;9;2016-03-16;3.71260190148
1653;PRENOM_Léa;G;A;19.6;43;2015-11-04;8.08230148463
1970;PRENOM_Léa;F;A;19.6;21;2015-12-16;6.70239635311
1171;PRENOM_Léa;F;A;20.4;23;2015-10-16;8.70654428222
1948;PRENOM_Léa;F;A;20.4;6;2015-08-11;10.8749666318
1264;PRENOM_Léa;F;A;21.2;78;2015-04-14;14.7846978377
1148;PRENOM_Léa;F;A;24.4;12;2016-01-11;5.84816936693
1574;PRENOM_Léa;F;A;24.4;38;2016-02-06;4.99394238075
1589;PRENOM_Léa;F;B;26.0;59;2014-09-29;21.2571100023
1686;PRENOM_Léa;F;A;26.8;94;2015-07-01;12.2220168792
1356;PRENOM_Léa;F;B;27.0;91;2014-07-30;23.2612579314
1470;PRENOM_Léa;F;B;28.0;94;2015-08-03;11.1378057044
2059;PRENOM_Léa;G;B;28.0;25;2015-09-04;10.0864494137
1015;PRENOM_Léa;F;A;28.4;15;2015-11-14;7.75375264379
1473;PRENOM_Léa;F;A;28.4;59;2016-04-21;2.52982607446
1384;PRENOM_Léa;F;A;30.0;42;2015-09-12;9.82361034107
1819;PRENOM_Léa;F;B;30.0;10;2016-02-02;5.12536191708
1983;PRENOM_Léa;G;B;30.0;54;2015-07-17;11.6963387339
1330;PRENOM_Léa;F;A;30.8;45;2016-03-24;3.44976282881
1581;PRENOM_Léa;F;A;30.8;18;2015-07-26;11.4006447771
1810;PRENOM_Léa;F;A;30.8;21;2015-06-18;12.6491303723
1519;PRENOM_Léa;F;A;31.6;31;2015-04-26;14.3904392287
1793;PRENOM_Léa;F;B;32.0;23;2016-02-07;4.96108749666
2019;PRENOM_Léa;F;A;32.4;73;2015-11-22;7.49091357112
1333;PRENOM_Léa;G;B;34.0;51;2015-08-08;10.973531284
1917;PRENOM_Léa;F;A;34.0;4;2015-04-23;14.489003881
1129;PRENOM_Léa;F;A;34.8;68;2016-04-01;3.18692375613
1480;PRENOM_Léa;F;A;34.8;38;2015-05-16;13.7333415471
1482;PRENOM_Léa;F;B;35.0;84;2015-03-30;15.277521099
1700;PRENOM_Léa;F;B;35.0;3;2014-08-11;22.8669993224
1723;PRENOM_Léa;F;A;35.6;54;2015-09-19;9.59362615249
1812;PRENOM_Léa;G;A;35.6;57;2016-01-26;5.35534610567
1223;PRENOM_Léa;G;B;36.0;75;2015-11-26;7.35949403479
1597;PRENOM_Léa;F;B;36.0;81;2014-08-21;22.5384504815
1197;PRENOM_Léa;F;B;37.0;58;2015-02-16;16.6574262305
1214;PRENOM_Léa;F;A;38.8;92;2015-10-18;8.64083451406
1914;PRENOM_Léa;G;B;39.0;66;2014-08-17;22.6698700179
1658;PRENOM_Léa;F;A;39.6;64;2015-09-12;9.82361034107
1592;PRENOM_Léa;F;B;40.0;7;2014-05-31;25.2325509764
1958;PRENOM_Léa;F;B;40.0;82;2015-08-17;10.6778373273
1076;PRENOM_Léa;F;C;40.4;48;2014-10-22;20.5014476683
1393;PRENOM_Léa;G;A;40.4;85;2016-05-04;2.10271258137
1508;PRENOM_Léa;F;A;40.4;95;2015-04-04;15.1132466786
1291;PRENOM_Léa;F;B;41.0;9;2015-05-02;14.1933099242
1677;PRENOM_Léa;F;A;41.2;87;2016-03-07;4.00829585823
1431;PRENOM_Léa;G;B;42.0;8;2015-11-06;8.01659171646
1150;PRENOM_Léa;G;A;42.8;49;2015-10-22;8.50941497772
1346;PRENOM_Léa;F;B;44.0;72;2015-10-23;8.47656009364
1012;PRENOM_Léa;G;B;45.0;44;2015-08-15;10.7435470954
1416;PRENOM_Léa;F;A;46.0;10;2015-12-31;6.20957309185
1505;PRENOM_Léa;F;A;46.0;84;2015-10-23;8.47656009364
1545;PRENOM_Léa;F;A;46.0;23;2015-06-26;12.3862912996
1287;PRENOM_Léa;F;A;46.8;23;2015-03-04;16.1317480852
1206;PRENOM_Léa;G;B;49.0;92;2014-07-15;23.7540811926
1031;PRENOM_Léa;F;B;51.0;13;2015-03-24;15.4746504035
1138;PRENOM_Léa;F;B;53.0;59;2015-09-09;9.92217499333
1631;PRENOM_Léa;G;B;53.0;41;2015-02-12;16.7888457669
1474;PRENOM_Léa;G;B;56.0;64;2015-08-01;11.2035154726
1543;PRENOM_Léa;G;B;56.0;40;2015-08-09;10.9406763999
1569;PRENOM_Léa;G;C;56.0;59;2015-06-04;13.1090987495
1973;PRENOM_Léa;F;B;56.0;14;2015-08-07;11.0063861681
1440;PRENOM_Léa;F;B;59.0;74;2015-07-19;11.6306289657
1142;PRENOM_Léa;F;B;61.0;22;2015-08-07;11.0063861681
1713;PRENOM_Léa;F;B;61.0;79;2015-12-11;6.86667077353
1135;PRENOM_Léa;F;B;62.0;25;2016-02-06;4.99394238075
1964;PRENOM_Léa;F;B;62.0;30;2015-02-10;16.854555535
1869;PRENOM_Louna;F;A;18.8;84;2016-03-22;3.51547259697
1392;PRENOM_Louna;F;A;21.2;16;2016-04-18;2.62839072671
1675;PRENOM_Louna;G;A;22.0;47;2015-09-28;9.29793219573
1742;PRENOM_Louna;G;A;23.6;17;2016-04-07;2.98979445163
1832;PRENOM_Louna;F;A;23.6;51;2015-03-30;15.277521099
1960;PRENOM_Louna;F;B;25.0;5;2015-09-27;9.33078707982
2025;PRENOM_Louna;F;A;25.2;85;2015-07-08;11.9920326906
1387;PRENOM_Louna;G;B;27.0;30;2016-02-19;4.56682888766
1943;PRENOM_Louna;F;B;27.0;21;2015-05-20;13.6019220107
1984;PRENOM_Louna;F;A;27.6;40;2015-06-11;12.8791145609
1512;PRENOM_Louna;F;B;28.0;71;2014-12-31;18.2016057825
1703;PRENOM_Louna;G;B;28.0;2;2015-04-24;14.4561489969
1158;PRENOM_Louna;F;A;29.2;86;2015-09-02;10.1521591819
1067;PRENOM_Louna;F;A;30.0;9;2015-07-01;12.2220168792
1921;PRENOM_Louna;G;B;30.0;61;2016-03-07;4.00829585823
1154;PRENOM_Louna;F;B;34.0;10;2015-08-21;10.5464177909
1753;PRENOM_Louna;G;B;34.0;63;2015-07-27;11.367789893
1185;PRENOM_Louna;F;B;36.0;45;2014-08-04;23.096983511
1245;PRENOM_Louna;F;A;38.0;57;2015-04-25;14.4232941128
1555;PRENOM_Louna;G;B;39.0;30;2015-10-13;8.80510893448
1691;PRENOM_Louna;G;B;39.0;92;2015-12-19;6.60383170086
1425;PRENOM_Louna;F;A;39.6;64;2015-02-20;16.5260066942
1153;PRENOM_Louna;G;B;41.0;25;2016-03-06;4.04115074232
1971;PRENOM_Louna;G;A;41.2;5;2016-03-30;3.2526335243
1027;PRENOM_Louna;F;C;41.6;22;2016-03-19;3.61403724922
1313;PRENOM_Louna;F;A;42.8;14;2015-04-13;14.8175527218
1094;PRENOM_Louna;F;A;43.6;72;2015-04-07;15.0146820263
1554;PRENOM_Louna;F;C;47.6;65;2015-02-01;17.1502494918
1433;PRENOM_Louna;G;B;54.0;75;2015-02-18;16.5917164624
1811;PRENOM_Louna;F;B;56.0;18;2015-12-08;6.96523542578
1535;PRENOM_Louna;F;B;58.0;37;2015-03-05;16.0988932011
1957;PRENOM_Louna;G;B;58.0;81;2015-04-22;14.5218587651
1301;PRENOM_Louna;F;B;59.0;50;2014-10-02;21.15854535
1814;PRENOM_Louna;F;B;60.0;8;2015-09-05;10.0535945297
1120;PRENOM_Louna;F;B;61.0;74;2014-11-25;19.3843816095
2035;PRENOM_Louna;F;B;61.0;24;2015-11-13;7.78660752788
1394;PRENOM_Louna;G;C;65.6;37;2015-03-19;15.6389248239
1165;PRENOM_Louise;G;B;23.0;36;2014-06-16;24.7068728311
1361;PRENOM_Louise;F;B;26.0;61;2014-06-22;24.5097435266
1412;PRENOM_Louise;G;B;26.0;81;2015-08-18;10.6449824432
1488;PRENOM_Louise;F;B;26.0;15;2015-02-02;17.1173946077
1468;PRENOM_Louise;F;B;30.0;6;2015-06-01;13.2076634017
1860;PRENOM_Louise;F;B;31.0;64;2015-08-01;11.2035154726
1166;PRENOM_Louise;G;A;31.6;8;2015-06-21;12.55056572
1671;PRENOM_Louise;F;A;34.8;72;2015-08-14;10.7764019795
1767;PRENOM_Louise;F;B;35.0;79;2016-03-14;3.77831166964
1455;PRENOM_Louise;F;C;35.6;9;2014-09-03;22.1113369884
1342;PRENOM_Louise;G;A;37.2;9;2015-11-02;8.1480112528
1104;PRENOM_Louise;G;A;38.0;32;2015-04-25;14.4232941128
1602;PRENOM_Louise;F;B;38.0;74;2015-05-17;13.700486663
1685;PRENOM_Louise;G;B;38.0;49;2015-07-19;11.6306289657
2023;PRENOM_Louise;G;B;38.0;87;2015-04-22;14.5218587651
1353;PRENOM_Louise;G;B;40.0;2;2015-03-18;15.671779708
1107;PRENOM_Louise;F;B;42.0;1;2015-06-30;12.2548717633
1831;PRENOM_Louise;F;C;42.8;31;2015-09-17;9.65933592066
1919;PRENOM_Louise;G;B;43.0;68;2014-06-14;24.7725825992
1066;PRENOM_Louise;F;A;46.0;9;2016-01-06;6.01244378735
1230;PRENOM_Louise;G;B;46.0;36;2015-11-30;7.22807449845
1816;PRENOM_Louise;F;A;46.8;54;2015-10-09;8.93652847081
1428;PRENOM_Louise;G;C;47.6;9;2015-10-29;8.27943078913
1585;PRENOM_Louise;F;B;48.0;17;2014-07-20;23.5898067722
1933;PRENOM_Louise;G;B;49.0;12;2014-06-22;24.5097435266
1892;PRENOM_Louise;F;B;54.0;45;2014-05-09;25.9553584263
1522;PRENOM_Louise;F;B;57.0;62;2014-12-18;18.6287192755
1638;PRENOM_Louise;F;B;60.0;93;2014-09-26;21.3556746545
1586;PRENOM_Louise;F;B;61.0;96;2014-10-18;20.6328672047
1874;PRENOM_Louise;F;C;68.0;12;2015-07-22;11.5320643134
1899;PRENOM_Louis;F;A;18.8;58;2016-01-12;5.81531448284
1683;PRENOM_Louis;F;A;21.2;85;2015-08-19;10.6121275591
1817;PRENOM_Louis;F;B;22.0;58;2015-12-22;6.5052670486
2011;PRENOM_Louis;F;B;25.0;79;2015-04-21;14.5547136492
1766;PRENOM_Louis;F;A;26.0;78;2015-03-03;16.1646029693
1859;PRENOM_Louis;F;A;26.0;96;2015-08-27;10.3492884864
1661;PRENOM_Louis;F;A;26.8;46;2015-05-05;14.094745272
1217;PRENOM_Louis;F;B;27.0;47;2014-10-20;20.5671574365
1701;PRENOM_Louis;F;C;27.2;25;2014-04-25;26.4153268034
1826;PRENOM_Louis;F;A;27.6;83;2015-11-11;7.85231729604
1972;PRENOM_Louis;F;A;29.2;33;2015-08-12;10.8421117477
1773;PRENOM_Louis;F;A;30.0;47;2015-12-29;6.27528286002
1006;PRENOM_Louis;F;A;30.8;72;2015-03-15;15.7703443603
1750;PRENOM_Louis;F;B;31.0;15;2014-09-17;21.6513686113
1986;PRENOM_Louis;G;B;31.0;3;2015-04-25;14.4232941128
1319;PRENOM_Louis;F;A;34.8;40;2015-03-06;16.066038317
1122;PRENOM_Louis;F;A;37.2;73;2016-04-01;3.18692375613
1167;PRENOM_Louis;F;A;38.0;48;2015-07-01;12.2220168792
1391;PRENOM_Louis;G;A;38.0;95;2016-04-02;3.15406887205
1281;PRENOM_Louis;G;B;39.0;44;2014-10-17;20.6657220887
1665;PRENOM_Louis;G;B;41.0;91;2014-05-20;25.5939547013
1864;PRENOM_Louis;F;B;41.0;72;2016-02-11;4.82966796033
2036;PRENOM_Louis;G;B;41.0;80;2014-08-13;22.8012895542
1229;PRENOM_Louis;G;A;42.0;36;2016-05-04;2.10271258137
1764;PRENOM_Louis;F;A;42.0;37;2016-05-06;2.0370028132
1837;PRENOM_Louis;G;B;42.0;85;2016-03-12;3.84402143781
1457;PRENOM_Louis;F;A;42.8;23;2015-07-31;11.2363703567
1272;PRENOM_Louis;F;B;43.0;80;2014-08-29;22.2756114089
1263;PRENOM_Louis;G;B;45.0;3;2016-02-13;4.76395819216
1664;PRENOM_Louis;F;A;45.2;53;2015-09-19;9.59362615249
1331;PRENOM_Louis;F;A;46.0;70;2016-04-17;2.66124561079
1400;PRENOM_Louis;F;A;47.6;94;2015-03-27;15.3760857512
1913;PRENOM_Louis;F;A;48.4;6;2015-07-28;11.3349350089
1243;PRENOM_Louis;F;A;49.2;57;2015-11-04;8.08230148463
1147;PRENOM_Louis;F;B;55.0;57;2016-01-11;5.84816936693
1537;PRENOM_Louis;G;B;60.0;85;2015-11-25;7.39234891887
1952;PRENOM_Louis;G;C;71.6;24;2014-05-08;25.9882133103
1320;PRENOM_Lina;F;A;18.8;40;2015-11-06;8.01659171646
1418;PRENOM_Lina;F;A;22.0;23;2016-04-30;2.2341321177
1575;PRENOM_Lina;F;B;28.0;60;2015-06-16;12.7148401405
1311;PRENOM_Lina;F;A;28.4;34;2016-03-09;3.94258609006
1884;PRENOM_Lina;F;A;29.2;85;2015-09-29;9.26507731165
1336;PRENOM_Lina;F;B;31.0;82;2015-04-04;15.1132466786
1325;PRENOM_Lina;G;B;35.0;74;2015-05-06;14.0618903879
1966;PRENOM_Lina;G;A;37.2;67;2015-04-01;15.2118113308
2033;PRENOM_Lina;G;A;37.2;73;2015-06-23;12.4848559519
1670;PRENOM_Lina;F;C;38.0;4;2014-02-12;28.7808784575
1654;PRENOM_Lina;F;B;39.0;40;2016-03-05;4.0740056264
1041;PRENOM_Lina;F;A;42.8;3;2015-05-18;13.6676317789
1451;PRENOM_Lina;F;B;43.0;33;2014-08-14;22.7684346701
1839;PRENOM_Lina;F;B;48.0;35;2015-01-10;17.8730569416
1794;PRENOM_Lina;F;B;53.0;46;2015-07-09;11.9591778065
1918;PRENOM_Lina;G;B;57.0;28;2014-10-31;20.2057537116
1622;PRENOM_Lina;F;B;58.0;34;2015-05-07;14.0290355038
1647;PRENOM_Lina;F;B;58.0;39;2014-05-04;26.1196328467
1862;PRENOM_Lina;F;B;58.0;12;2015-12-20;6.57097681677
1137;PRENOM_Lina;G;B;60.0;41;2015-04-19;14.6204234173
1715;PRENOM_Lina;F;B;60.0;39;2015-03-01;16.2303127374
1123;PRENOM_Lilou;F;A;20.4;71;2015-12-19;6.60383170086
2001;PRENOM_Lilou;F;A;20.4;77;2015-03-13;15.8360541284
1925;PRENOM_Lilou;G;A;21.2;68;2015-08-06;11.0392410522
2034;PRENOM_Lilou;F;A;23.6;29;2015-04-23;14.489003881
1222;PRENOM_Lilou;G;A;24.4;53;2015-12-28;6.3081377441
2057;PRENOM_Lilou;G;A;25.2;4;2015-04-09;14.9489722582
1288;PRENOM_Lilou;G;B;26.0;43;2015-07-19;11.6306289657
1994;PRENOM_Lilou;F;B;26.0;58;2015-03-06;16.066038317
1369;PRENOM_Lilou;F;B;28.0;53;2014-06-23;24.4768886425
2064;PRENOM_Lilou;F;B;28.0;32;2014-09-16;21.6842234953
1032;PRENOM_Lilou;F;B;29.0;43;2016-03-11;3.8768763219
1606;PRENOM_Lilou;G;C;29.6;29;2014-09-30;21.2242551182
1546;PRENOM_Lilou;F;A;30.0;13;2015-10-08;8.96938335489
1657;PRENOM_Lilou;F;A;30.0;22;2015-06-08;12.9776792131
2010;PRENOM_Lilou;G;A;30.0;14;2015-10-11;8.87081870264
1274;PRENOM_Lilou;F;B;31.0;60;2014-08-26;22.3741760611
1896;PRENOM_Lilou;F;B;31.0;78;2014-07-07;24.0169202653
1343;PRENOM_Lilou;F;B;33.0;37;2016-02-12;4.79681307624
1446;PRENOM_Lilou;F;B;34.0;3;2015-04-29;14.2918745765
1314;PRENOM_Lilou;F;A;36.4;41;2015-02-16;16.6574262305
1829;PRENOM_Lilou;G;A;37.2;64;2015-06-23;12.4848559519
1106;PRENOM_Lilou;F;A;38.0;58;2015-06-28;12.3205815314
1757;PRENOM_Lilou;G;B;39.0;23;2015-01-27;17.3145239122
1010;PRENOM_Lilou;F;C;40.4;43;2014-05-27;25.3639705127
1126;PRENOM_Lilou;G;B;44.0;90;2015-12-10;6.89952565761
1945;PRENOM_Lilou;F;A;46.0;50;2015-08-15;10.7435470954
1372;PRENOM_Lilou;F;A;46.8;23;2015-03-20;15.6060699398
1551;PRENOM_Lilou;F;A;47.6;80;2015-07-05;12.0905973429
1316;PRENOM_Lilou;F;A;48.4;45;2015-11-17;7.65518799154
1246;PRENOM_Lilou;F;B;52.0;23;2014-09-20;21.552803959
1974;PRENOM_Lilou;F;B;57.0;65;2014-06-19;24.6083081788
1521;PRENOM_Lilou;G;B;58.0;52;2015-09-25;9.39649684798
1111;PRENOM_Lilou;F;B;61.0;10;2014-04-22;26.5138914557
1746;PRENOM_Lilou;F;B;61.0;38;2014-08-02;23.1626932791
1720;PRENOM_Jules;G;A;21.2;5;2015-11-22;7.49091357112
1347;PRENOM_Jules;F;B;29.0;52;2015-08-28;10.3164336023
1910;PRENOM_Jules;F;B;31.0;8;2016-01-17;5.65104006242
1360;PRENOM_Jules;F;B;32.0;46;2015-06-29;12.2877266474
1771;PRENOM_Jules;F;B;32.0;45;2015-05-21;13.5690671266
1472;PRENOM_Jules;F;B;33.0;22;2015-03-15;15.7703443603
1247;PRENOM_Jules;F;B;34.0;26;2015-07-11;11.8934680384
1173;PRENOM_Jules;G;B;36.0;62;2014-12-03;19.1215425368
1164;PRENOM_Jules;G;A;36.4;14;2015-09-13;9.79075545699
1506;PRENOM_Jules;G;B;38.0;14;2015-02-19;16.5588615783
1626;PRENOM_Jules;F;A;38.8;36;2015-11-29;7.26092938253
1112;PRENOM_Jules;F;A;39.6;36;2015-06-09;12.944824329
1204;PRENOM_Jules;F;A;40.4;89;2015-12-28;6.3081377441
1088;PRENOM_Jules;F;B;42.0;23;2014-06-10;24.9040021356
1200;PRENOM_Jules;F;B;42.0;39;2015-05-22;13.5362122426
1208;PRENOM_Jules;F;B;42.0;3;2016-03-02;4.17257027865
1570;PRENOM_Jules;F;B;42.0;61;2015-12-27;6.34099262819
1059;PRENOM_Jules;F;B;44.0;7;2014-08-17;22.6698700179
1716;PRENOM_Jules;F;A;45.2;7;2015-07-06;12.0577424588
1239;PRENOM_Jules;F;B;46.0;30;2016-03-19;3.61403724922
1616;PRENOM_Jules;F;B;46.0;90;2016-01-18;5.61818517834
1725;PRENOM_Jules;F;B;47.0;56;2015-09-24;9.42935173207
1128;PRENOM_Jules;F;A;47.6;49;2015-05-08;13.9961806197
1078;PRENOM_Jules;G;B;49.0;35;2016-01-02;6.14386332368
1650;PRENOM_Jules;F;B;50.0;4;2015-06-05;13.0762438654
1017;PRENOM_Jules;G;B;51.0;70;2014-07-13;23.8197909608
1515;PRENOM_Jules;F;B;53.0;22;2015-10-09;8.93652847081
1796;PRENOM_Jules;F;B;53.0;52;2015-06-04;13.1090987495
1856;PRENOM_Jules;F;B;56.0;67;2014-05-31;25.2325509764
1922;PRENOM_Jules;G;B;57.0;48;2015-08-07;11.0063861681
1492;PRENOM_Jules;G;B;58.0;32;2016-03-16;3.71260190148
1718;PRENOM_Jules;F;B;58.0;53;2015-10-09;8.93652847081
2031;PRENOM_Jules;G;B;58.0;30;2015-09-12;9.82361034107
1523;PRENOM_Jules;G;B;59.0;83;2015-11-10;7.88517218013
1938;PRENOM_Jules;F;B;59.0;24;2015-02-16;16.6574262305
1867;PRENOM_Jules;F;B;61.0;73;2014-06-01;25.1996960923
1060;PRENOM_Jules;F;C;63.2;30;2015-05-01;14.2261648083
2081;PRENOM_Jean;;A;39.6842300557;20;2016-06-30;0.229984188587
1949;PRENOM_Jade;F;B;23.0;51;2015-04-30;14.2590196924
1802;PRENOM_Jade;F;A;23.6;93;2016-02-08;4.92823261258
2067;PRENOM_Jade;F;B;24.0;42;2014-10-07;20.9942709296
1108;PRENOM_Jade;G;A;24.4;53;2015-07-09;11.9591778065
2071;PRENOM_Jade;G;A;25.2;81;2015-09-01;10.185014066
1195;PRENOM_Jade;F;B;26.0;66;2014-06-14;24.7725825992
1844;PRENOM_Jade;F;A;26.0;87;2016-03-11;3.8768763219
1174;PRENOM_Jade;F;B;27.0;82;2016-02-10;4.86252284441
1290;PRENOM_Jade;F;B;28.0;29;2015-08-14;10.7764019795
1056;PRENOM_Jade;F;B;29.0;70;2014-05-21;25.5610998172
1558;PRENOM_Jade;G;A;29.2;16;2015-03-23;15.5075052876
1648;PRENOM_Jade;F;C;29.6;39;2015-10-16;8.70654428222
1408;PRENOM_Jade;F;A;30.0;96;2016-01-03;6.1110084396
1249;PRENOM_Jade;F;A;30.8;7;2015-06-06;13.0433889813
1614;PRENOM_Jade;F;B;33.0;4;2014-07-23;23.49124212
1935;PRENOM_Jade;F;B;33.0;17;2014-11-02;20.1400439434
1475;PRENOM_Jade;F;A;34.0;72;2016-04-21;2.52982607446
1268;PRENOM_Jade;F;B;35.0;67;2015-06-27;12.3534364155
1429;PRENOM_Jade;F;B;35.0;30;2015-05-07;14.0290355038
1891;PRENOM_Jade;G;B;35.0;2;2015-11-02;8.1480112528
1284;PRENOM_Jade;G;A;37.2;83;2015-07-18;11.6634838498
1557;PRENOM_Jade;F;A;37.2;27;2015-11-12;7.81946241196
1732;PRENOM_Jade;G;A;38.0;39;2016-05-04;2.10271258137
1820;PRENOM_Jade;F;A;39.6;44;2015-08-04;11.1049508203
1533;PRENOM_Jade;G;B;40.0;45;2015-10-27;8.3451405573
1808;PRENOM_Jade;F;B;40.0;60;2015-11-06;8.01659171646
1842;PRENOM_Jade;F;B;41.0;84;2015-06-14;12.7805499086
1324;PRENOM_Jade;F;B;42.0;52;2015-08-01;11.2035154726
1881;PRENOM_Jade;G;B;42.0;53;2015-10-11;8.87081870264
1046;PRENOM_Jade;F;B;43.0;86;2015-01-10;17.8730569416
1739;PRENOM_Jade;F;B;45.0;92;2015-08-24;10.4478531387
1923;PRENOM_Jade;G;B;45.0;73;2015-05-02;14.1933099242
1355;PRENOM_Jade;F;C;45.2;95;2015-05-14;13.7990513152
1317;PRENOM_Jade;G;A;46.0;22;2016-03-30;3.2526335243
1672;PRENOM_Jade;F;B;46.0;6;2015-10-11;8.87081870264
1525;PRENOM_Jade;F;B;49.0;58;2015-05-12;13.8647610834
1941;PRENOM_Jade;F;A;49.2;89;2016-02-05;5.02679726483
1442;PRENOM_Jade;F;B;50.0;70;2015-09-24;9.42935173207
1410;PRENOM_Jade;F;B;51.0;5;2015-01-05;18.037331362
1724;PRENOM_Jade;G;B;52.0;6;2014-12-24;18.431589971
1932;PRENOM_Jade;G;B;52.0;44;2014-10-30;20.2386085957
1051;PRENOM_Jade;F;B;53.0;16;2015-10-29;8.27943078913
1240;PRENOM_Jade;F;B;53.0;87;2015-04-03;15.1461015627
1609;PRENOM_Jade;F;B;53.0;69;2015-03-02;16.1974578533
1770;PRENOM_Jade;F;B;59.0;77;2014-05-08;25.9882133103
1780;PRENOM_Jade;F;B;60.0;67;2015-03-27;15.3760857512
1580;PRENOM_Jade;F;B;61.0;9;2014-08-14;22.7684346701
2082;PRENOM_Jacques;;A;39.6842300557;20;2016-06-30;0.229984188587
1235;PRENOM_Inès;F;A;19.6;55;2015-08-29;10.2835787182
1778;PRENOM_Inès;F;A;19.6;65;2015-02-28;16.2631676215
1547;PRENOM_Inès;G;A;21.2;27;2015-06-26;12.3862912996
2068;PRENOM_Inès;F;A;22.0;90;2016-02-15;4.69824842399
1140;PRENOM_Inès;F;B;23.0;51;2015-11-24;7.42520380295
1221;PRENOM_Inès;F;B;24.0;36;2015-04-19;14.6204234173
1898;PRENOM_Inès;F;B;24.0;70;2015-08-17;10.6778373273
1139;PRENOM_Inès;F;B;26.0;82;2015-10-02;9.1665126594
1976;PRENOM_Inès;F;B;26.0;28;2015-03-30;15.277521099
1509;PRENOM_Inès;F;A;26.8;19;2015-07-04;12.1234522269
1980;PRENOM_Inès;G;A;30.0;7;2015-05-05;14.094745272
2017;PRENOM_Inès;F;A;31.6;81;2015-10-26;8.37799544138
1710;PRENOM_Inès;F;B;32.0;15;2014-11-15;19.7129304503
1642;PRENOM_Inès;G;B;33.0;70;2015-04-06;15.0475369104
1998;PRENOM_Inès;F;A;33.2;87;2015-05-14;13.7990513152
1679;PRENOM_Inès;G;A;34.0;21;2015-12-16;6.70239635311
2030;PRENOM_Inès;F;A;34.8;95;2016-04-24;2.43126142221
1118;PRENOM_Inès;F;B;35.0;83;2014-09-10;21.8813527999
1737;PRENOM_Inès;F;B;36.0;64;2015-01-17;17.643072753
1354;PRENOM_Inès;G;B;37.0;85;2016-03-14;3.77831166964
1559;PRENOM_Inès;F;A;37.2;96;2015-11-26;7.35949403479
1189;PRENOM_Inès;G;B;38.0;45;2014-08-15;22.735579786
1563;PRENOM_Inès;F;B;38.0;17;2014-05-04;26.1196328467
1417;PRENOM_Inès;G;B;42.0;38;2015-02-13;16.7559908828
1846;PRENOM_Inès;F;A;42.0;41;2015-09-20;9.5607712684
1503;PRENOM_Inès;F;C;44.0;3;2013-11-14;31.737818025
1835;PRENOM_Inès;G;A;46.0;24;2016-03-16;3.71260190148
1548;PRENOM_Inès;F;B;47.0;60;2015-09-06;10.0207396456
1992;PRENOM_Inès;F;A;48.4;41;2016-01-23;5.45391075792
1476;PRENOM_Inès;F;B;51.0;21;2015-12-11;6.86667077353
1544;PRENOM_Inès;F;B;53.0;9;2015-08-08;10.973531284
1615;PRENOM_Inès;F;B;53.0;12;2015-01-26;17.3473787963
1693;PRENOM_Inès;F;B;54.0;37;2014-08-17;22.6698700179
1848;PRENOM_Inès;G;B;57.0;23;2015-06-04;13.1090987495
1833;PRENOM_Inès;G;B;58.0;6;2016-01-25;5.38820098975
1238;PRENOM_Inès;F;B;59.0;55;2015-03-26;15.4089406353
1730;PRENOM_Inès;F;B;62.0;5;2015-04-06;15.0475369104
1160;PRENOM_Hugo;F;A;18.8;46;2015-04-19;14.6204234173
2070;PRENOM_Hugo;F;A;18.8;41;2015-08-18;10.6449824432
1409;PRENOM_Hugo;F;B;24.0;3;2015-04-22;14.5218587651
1738;PRENOM_Hugo;F;B;24.0;34;2015-05-08;13.9961806197
1755;PRENOM_Hugo;F;B;25.0;22;2015-12-26;6.37384751227
1199;PRENOM_Hugo;G;A;26.8;81;2016-04-04;3.08835910388
1365;PRENOM_Hugo;F;A;26.8;86;2015-09-24;9.42935173207
1931;PRENOM_Hugo;F;B;27.0;19;2014-11-06;20.0086244071
1744;PRENOM_Hugo;F;A;27.6;33;2016-03-05;4.0740056264
1069;PRENOM_Hugo;F;B;28.0;40;2015-10-15;8.73939916631
1209;PRENOM_Hugo;F;B;28.0;90;2014-12-30;18.2344606665
1926;PRENOM_Hugo;F;B;28.0;61;2014-11-17;19.6472206821
1097;PRENOM_Hugo;G;A;28.4;14;2015-03-29;15.3103759831
1978;PRENOM_Hugo;F;A;28.4;5;2015-08-30;10.2507238342
1203;PRENOM_Hugo;F;B;31.0;7;2015-08-07;11.0063861681
1040;PRENOM_Hugo;F;B;32.0;9;2015-09-25;9.39649684798
1213;PRENOM_Hugo;F;B;33.0;85;2015-01-14;17.7416374053
1727;PRENOM_Hugo;F;B;34.0;48;2015-07-14;11.7949033861
1924;PRENOM_Hugo;F;C;34.4;85;2015-04-27;14.3575843446
1308;PRENOM_Hugo;G;B;36.0;90;2015-02-26;16.3288773897
1707;PRENOM_Hugo;F;B;37.0;65;2015-12-11;6.86667077353
1030;PRENOM_Hugo;F;B;38.0;6;2015-10-10;8.90367358673
1579;PRENOM_Hugo;F;B;38.0;87;2015-03-06;16.066038317
1963;PRENOM_Hugo;F;A;39.6;33;2015-10-15;8.73939916631
1395;PRENOM_Hugo;F;B;40.0;50;2014-09-10;21.8813527999
1168;PRENOM_Hugo;F;B;41.0;25;2015-09-25;9.39649684798
1405;PRENOM_Hugo;F;B;45.0;35;2014-10-05;21.0599806978
1210;PRENOM_Hugo;F;A;46.8;23;2015-10-15;8.73939916631
1721;PRENOM_Hugo;F;A;46.8;76;2015-12-13;6.80096100536
1357;PRENOM_Hugo;G;A;49.2;64;2015-11-29;7.26092938253
1491;PRENOM_Hugo;F;B;55.0;3;2014-07-10;23.9183556131
1937;PRENOM_Hugo;F;C;60.8;31;2015-08-08;10.973531284
1377;PRENOM_Gabriel;G;B;22.0;15;2016-02-08;4.92823261258
1444;PRENOM_Gabriel;F;A;23.6;12;2016-04-23;2.46411630629
1636;PRENOM_Gabriel;F;A;26.0;15;2016-03-12;3.84402143781
1623;PRENOM_Gabriel;F;A;26.8;17;2015-10-01;9.19936754348
1590;PRENOM_Gabriel;F;C;27.2;27;2013-11-18;31.6063984887
1183;PRENOM_Gabriel;F;A;31.6;43;2015-02-24;16.3945871578
2026;PRENOM_Gabriel;G;B;34.0;56;2015-01-18;17.610217869
1729;PRENOM_Gabriel;G;B;39.0;41;2015-09-05;10.0535945297
1180;PRENOM_Gabriel;F;B;42.0;18;2015-05-26;13.4047927062
1997;PRENOM_Gabriel;F;A;42.0;86;2015-11-17;7.65518799154
1085;PRENOM_Gabriel;F;B;43.0;26;2014-12-13;18.792993696
1338;PRENOM_Gabriel;G;B;44.0;86;2015-11-15;7.72089775971
1134;PRENOM_Gabriel;F;A;45.2;5;2015-12-27;6.34099262819
1496;PRENOM_Gabriel;F;A;48.4;78;2016-04-09;2.92408468346
1144;PRENOM_Gabriel;F;B;49.0;45;2014-12-22;18.4972997392
1576;PRENOM_Gabriel;F;B;51.0;16;2015-06-13;12.8134047927
1549;PRENOM_Gabriel;F;C;53.6;28;2013-12-08;30.949300807
2053;PRENOM_Gabriel;F;B;58.0;15;2015-05-24;13.4705024744
1673;PRENOM_Gabriel;F;B;59.0;82;2015-02-14;16.7231359987
1645;PRENOM_Gabriel;F;C;64.4;70;2014-09-28;21.2899648863
1593;PRENOM_Gabriel;G;C;66.8;4;2014-10-28;20.3043183638
1988;PRENOM_Gabriel;G;C;66.8;91;2015-08-17;10.6778373273
1201;PRENOM_Eva;G;A;19.6;33;2015-08-09;10.9406763999
1292;PRENOM_Eva;G;B;25.0;29;2014-06-16;24.7068728311
1588;PRENOM_Eva;F;B;25.0;9;2014-06-03;25.1339863242
1500;PRENOM_Eva;F;A;25.2;81;2015-07-13;11.8277582702
1486;PRENOM_Eva;F;A;26.0;87;2015-06-03;13.1419536335
1194;PRENOM_Eva;G;B;29.0;39;2016-01-28;5.2896363375
1518;PRENOM_Eva;G;A;29.2;29;2015-04-17;14.6861331855
1798;PRENOM_Eva;F;B;31.0;47;2014-11-07;19.975769523
1002;PRENOM_Eva;F;B;33.0;20;2016-01-31;5.19107168525
1424;PRENOM_Eva;F;B;33.0;72;2015-07-17;11.6963387339
1939;PRENOM_Eva;F;B;35.0;58;2016-01-24;5.42105587384
1526;PRENOM_Eva;F;B;38.0;25;2015-05-28;13.339082938
2032;PRENOM_Eva;G;B;40.0;51;2015-06-27;12.3534364155
1564;PRENOM_Eva;F;A;40.4;89;2016-05-05;2.06985769728
1722;PRENOM_Eva;G;B;43.0;63;2016-01-17;5.65104006242
1445;PRENOM_Eva;F;B;44.0;93;2015-03-07;16.0331834329
1530;PRENOM_Eva;F;B;44.0;77;2014-06-24;24.4440337584
1462;PRENOM_Eva;F;B;45.0;32;2014-07-02;24.1811946857
2075;PRENOM_Eva;F;B;45.0;91;2014-09-24;21.4213844227
1876;PRENOM_Eva;G;A;45.2;48;2015-12-23;6.47241216452
1278;PRENOM_Eva;F;A;46.8;38;2015-02-16;16.6574262305
1227;PRENOM_Eva;G;A;49.2;70;2015-07-20;11.5977740816
1748;PRENOM_Eva;F;B;50.0;4;2015-05-19;13.6347768948
1887;PRENOM_Eva;G;B;52.0;41;2015-07-07;12.0248875747
2022;PRENOM_Eva;F;B;54.0;89;2014-08-15;22.735579786
1684;PRENOM_Eva;F;C;56.0;45;2014-04-10;26.9081500647
1784;PRENOM_Eva;G;B;56.0;91;2015-11-24;7.42520380295
1309;PRENOM_Eva;G;B;58.0;80;2014-11-23;19.4500913776
1426;PRENOM_Ethan;F;A;18.8;90;2016-02-26;4.33684469907
1714;PRENOM_Ethan;F;B;23.0;36;2015-04-06;15.0475369104
1643;PRENOM_Ethan;F;B;25.0;65;2016-02-21;4.50111911949
1501;PRENOM_Ethan;F;A;28.4;16;2015-08-02;11.1706605885
1920;PRENOM_Ethan;F;A;29.2;2;2015-06-11;12.8791145609
1639;PRENOM_Ethan;F;B;31.0;88;2015-11-18;7.62233310746
1219;PRENOM_Ethan;G;C;32.0;12;2015-05-19;13.6347768948
1497;PRENOM_Ethan;F;B;32.0;21;2015-11-24;7.42520380295
1637;PRENOM_Ethan;F;B;33.0;53;2014-08-30;22.2427565248
1205;PRENOM_Ethan;F;A;33.2;51;2015-07-21;11.5649191975
1550;PRENOM_Ethan;F;B;35.0;53;2015-09-21;9.52791638432
1577;PRENOM_Ethan;G;B;37.0;85;2014-12-08;18.9572681164
1119;PRENOM_Ethan;G;A;39.6;52;2015-07-04;12.1234522269
1687;PRENOM_Ethan;G;A;39.6;83;2016-03-09;3.94258609006
1152;PRENOM_Ethan;G;B;40.0;37;2016-03-11;3.8768763219
1228;PRENOM_Ethan;F;B;41.0;36;2015-03-13;15.8360541284
1192;PRENOM_Ethan;F;B;42.0;8;2015-11-18;7.62233310746
1572;PRENOM_Ethan;F;A;42.8;45;2015-03-12;15.8689090125
1625;PRENOM_Ethan;F;B;43.0;6;2016-01-15;5.71674983059
1788;PRENOM_Ethan;G;A;43.6;4;2016-03-31;3.21977864022
1889;PRENOM_Ethan;G;A;43.6;67;2015-04-19;14.6204234173
1375;PRENOM_Ethan;F;B;44.0;24;2015-07-18;11.6634838498
1538;PRENOM_Ethan;F;A;44.4;30;2016-04-24;2.43126142221
1702;PRENOM_Ethan;F;A;44.4;27;2015-05-21;13.5690671266
1656;PRENOM_Ethan;F;B;46.0;31;2016-01-09;5.9138791351
1172;PRENOM_Ethan;F;A;48.4;89;2015-08-09;10.9406763999
1601;PRENOM_Ethan;F;A;49.2;37;2016-01-27;5.32249122159
1477;PRENOM_Ethan;F;B;50.0;8;2014-11-24;19.4172364936
1611;PRENOM_Ethan;G;B;52.0;8;2015-03-11;15.9017638966
1423;PRENOM_Ethan;F;B;54.0;36;2015-05-08;13.9961806197
1114;PRENOM_Ethan;F;B;57.0;89;2015-12-17;6.66954146902
1620;PRENOM_Ethan;F;B;57.0;45;2016-01-15;5.71674983059
1719;PRENOM_Ethan;F;B;57.0;32;2015-01-28;17.2816690281
1652;PRENOM_Enzo;G;A;21.2;37;2015-08-28;10.3164336023
1050;PRENOM_Enzo;F;B;22.0;79;2015-09-10;9.88932010924
1004;PRENOM_Enzo;G;B;25.0;73;2015-07-11;11.8934680384
1736;PRENOM_Enzo;F;B;25.0;47;2015-08-02;11.1706605885
1037;PRENOM_Enzo;F;B;26.0;6;2014-09-15;21.7170783794
1303;PRENOM_Enzo;F;A;26.0;11;2015-12-29;6.27528286002
1520;PRENOM_Enzo;F;B;26.0;81;2014-11-28;19.2858169572
1709;PRENOM_Enzo;G;A;26.8;62;2016-02-25;4.36969958315
1232;PRENOM_Enzo;F;C;27.2;41;2015-06-30;12.2548717633
1026;PRENOM_Enzo;F;A;27.6;78;2015-12-22;6.5052670486
1612;PRENOM_Enzo;G;B;28.0;41;2016-02-25;4.36969958315
2042;PRENOM_Enzo;F;B;28.0;2;2015-03-19;15.6389248239
1870;PRENOM_Enzo;F;B;29.0;46;2014-10-07;20.9942709296
1057;PRENOM_Enzo;F;A;29.2;37;2015-11-15;7.72089775971
1398;PRENOM_Enzo;F;B;31.0;52;2014-10-25;20.4028830161
2003;PRENOM_Enzo;G;A;31.6;78;2015-06-23;12.4848559519
1865;PRENOM_Enzo;F;C;32.0;79;2015-10-13;8.80510893448
2037;PRENOM_Enzo;F;B;32.0;38;2016-02-25;4.36969958315
1072;PRENOM_Enzo;G;B;33.0;65;2014-07-13;23.8197909608
1460;PRENOM_Enzo;G;B;33.0;60;2015-01-21;17.5116532167
1852;PRENOM_Enzo;G;C;34.4;16;2015-02-18;16.5917164624
1805;PRENOM_Enzo;G;B;36.0;29;2015-08-27;10.3492884864
1068;PRENOM_Enzo;G;A;37.2;21;2015-03-02;16.1974578533
1562;PRENOM_Enzo;F;A;38.8;53;2015-05-15;13.7661964311
2021;PRENOM_Enzo;F;A;38.8;88;2015-07-22;11.5320643134
1198;PRENOM_Enzo;F;B;39.0;57;2015-12-11;6.86667077353
1886;PRENOM_Enzo;F;A;39.6;64;2015-12-27;6.34099262819
1211;PRENOM_Enzo;G;B;40.0;6;2015-04-11;14.88326249
1252;PRENOM_Enzo;G;A;42.8;90;2015-03-02;16.1974578533
1527;PRENOM_Enzo;F;A;42.8;31;2015-06-09;12.944824329
1790;PRENOM_Enzo;G;A;42.8;40;2016-03-09;3.94258609006
1758;PRENOM_Enzo;G;B;44.0;62;2014-08-23;22.4727407134
1618;PRENOM_Enzo;F;A;44.4;95;2015-06-26;12.3862912996
1344;PRENOM_Enzo;F;B;45.0;81;2014-06-26;24.3783239902
1277;PRENOM_Enzo;G;B;46.0;69;2015-04-16;14.7189880696
1485;PRENOM_Enzo;F;B;46.0;68;2014-07-13;23.8197909608
1895;PRENOM_Enzo;F;B;46.0;42;2015-08-28;10.3164336023
2020;PRENOM_Enzo;F;A;46.0;45;2015-08-24;10.4478531387
1666;PRENOM_Enzo;F;A;46.8;8;2016-03-02;4.17257027865
1156;PRENOM_Enzo;G;B;47.0;41;2015-02-19;16.5588615783
1220;PRENOM_Enzo;F;B;47.0;28;2015-11-26;7.35949403479
2043;PRENOM_Enzo;F;B;47.0;60;2016-03-10;3.90973120598
1322;PRENOM_Enzo;F;A;47.6;93;2015-09-04;10.0864494137
1133;PRENOM_Enzo;G;B;48.0;28;2015-12-03;7.1295098462
1182;PRENOM_Enzo;G;B;48.0;78;2016-02-15;4.69824842399
1861;PRENOM_Enzo;F;C;48.8;54;2015-05-24;13.4705024744
1705;PRENOM_Enzo;F;B;49.0;26;2015-08-03;11.1378057044
1362;PRENOM_Enzo;F;B;51.0;54;2016-01-28;5.2896363375
1177;PRENOM_Enzo;F;B;52.0;6;2015-08-16;10.7106922113
1218;PRENOM_Enzo;G;B;52.0;68;2015-12-10;6.89952565761
1490;PRENOM_Enzo;F;B;56.0;31;2014-12-12;18.8258485801
1989;PRENOM_Enzo;F;B;57.0;34;2015-03-03;16.1646029693
1351;PRENOM_Enzo;F;C;58.4;20;2013-11-11;31.8363826773
1374;PRENOM_Enzo;G;B;59.0;22;2014-05-30;25.2654058605
1587;PRENOM_Enzo;G;B;59.0;30;2015-07-20;11.5977740816
1680;PRENOM_Enzo;F;B;59.0;57;2014-04-27;26.3496170353
1299;PRENOM_Clément;F;A;18.8;44;2015-05-11;13.8976159675
1397;PRENOM_Clément;F;A;18.8;55;2015-12-03;7.1295098462
2039;PRENOM_Clément;F;A;18.8;78;2015-03-16;15.7374894762
1968;PRENOM_Clément;F;A;21.2;81;2016-03-19;3.61403724922
1450;PRENOM_Clément;F;A;23.6;39;2016-03-25;3.41690794472
2024;PRENOM_Clément;F;A;24.4;59;2016-02-03;5.092507033
1131;PRENOM_Clément;F;B;25.0;46;2014-11-04;20.0743341752
1055;PRENOM_Clément;F;B;26.0;9;2015-12-28;6.3081377441
1659;PRENOM_Clément;F;A;28.4;79;2016-03-25;3.41690794472
1608;PRENOM_Clément;F;B;29.0;56;2014-09-13;21.7827881476
1532;PRENOM_Clément;F;C;29.6;7;2014-10-23;20.4685927842
1334;PRENOM_Clément;G;B;30.0;84;2016-02-29;4.23828004682
1099;PRENOM_Clément;F;B;31.0;46;2015-05-29;13.306228054
1478;PRENOM_Clément;G;B;31.0;53;2016-02-01;5.15821680117
1257;PRENOM_Clément;G;B;37.0;31;2015-07-02;12.1891619951
1021;PRENOM_Clément;G;A;41.2;38;2016-04-18;2.62839072671
1315;PRENOM_Clément;F;A;42.8;5;2015-03-30;15.277521099
1087;PRENOM_Clément;F;A;45.2;64;2015-06-17;12.6819852564
1946;PRENOM_Clément;F;B;47.0;86;2014-05-01;26.2181974989
1481;PRENOM_Clément;F;B;48.0;37;2015-01-12;17.8073471735
1782;PRENOM_Clément;F;A;49.2;81;2015-03-24;15.4746504035
1690;PRENOM_Clément;G;B;50.0;55;2014-12-12;18.8258485801
1779;PRENOM_Clément;G;A;50.0;22;2015-06-22;12.517710836
2008;PRENOM_Clément;F;C;50.0;89;2015-09-09;9.92217499333
1318;PRENOM_Clément;F;B;52.0;22;2016-01-12;5.81531448284
1401;PRENOM_Clément;F;B;53.0;58;2016-02-06;4.99394238075
1233;PRENOM_Clément;F;B;54.0;54;2016-02-24;4.40255446724
1584;PRENOM_Clément;G;B;54.0;88;2015-12-27;6.34099262819
1834;PRENOM_Clément;F;B;54.0;2;2015-06-20;12.5834206041
1170;PRENOM_Clément;F;B;55.0;23;2015-11-02;8.1480112528
1269;PRENOM_Clément;F;B;57.0;80;2015-11-18;7.62233310746
1849;PRENOM_Clément;G;B;60.0;25;2015-12-18;6.63668658494
1956;PRENOM_Clara;F;B;23.0;51;2014-06-10;24.9040021356
1028;PRENOM_Clara;F;A;23.6;34;2016-02-17;4.63253865582
1769;PRENOM_Clara;F;A;23.6;37;2016-02-04;5.05965214891
2029;PRENOM_Clara;F;B;24.0;37;2015-01-04;18.0701862461
1513;PRENOM_Clara;F;B;26.0;6;2015-02-10;16.854555535
1191;PRENOM_Clara;F;A;26.8;39;2015-06-26;12.3862912996
1162;PRENOM_Clara;F;B;27.0;59;2015-11-21;7.5237684552
1352;PRENOM_Clara;G;A;27.6;58;2016-01-20;5.55247541017
1539;PRENOM_Clara;F;A;27.6;73;2015-02-27;16.2960225056
1422;PRENOM_Clara;F;B;30.0;6;2015-01-29;17.248814144
1929;PRENOM_Clara;G;C;36.8;16;2013-11-16;31.6721082568
1024;PRENOM_Clara;F;A;38.8;55;2015-08-26;10.3821433705
1179;PRENOM_Clara;G;A;38.8;36;2015-11-15;7.72089775971
1176;PRENOM_Clara;F;B;40.0;96;2014-05-28;25.3311156287
1909;PRENOM_Clara;F;B;41.0;86;2014-12-31;18.2016057825
1364;PRENOM_Clara;F;A;41.2;33;2015-05-16;13.7333415471
1296;PRENOM_Clara;G;A;42.0;24;2015-04-04;15.1132466786
1749;PRENOM_Clara;F;A;42.0;56;2015-09-18;9.62648103657
2018;PRENOM_Clara;F;A;42.0;91;2015-12-19;6.60383170086
1413;PRENOM_Clara;G;B;44.0;95;2016-03-10;3.90973120598
1514;PRENOM_Clara;F;B;44.0;68;2015-11-24;7.42520380295
1704;PRENOM_Clara;F;C;44.0;60;2016-02-14;4.73110330808
2012;PRENOM_Clara;F;A;46.0;18;2015-07-29;11.3020801248
1143;PRENOM_Clara;F;C;46.4;66;2015-11-25;7.39234891887
2056;PRENOM_Clara;F;A;46.8;65;2015-08-01;11.2035154726
1907;PRENOM_Clara;F;B;47.0;70;2015-06-07;13.0105340972
1540;PRENOM_Clara;G;A;48.4;88;2015-07-20;11.5977740816
1594;PRENOM_Clara;F;B;50.0;20;2014-05-29;25.2982607446
1827;PRENOM_Clara;G;B;51.0;32;2015-11-03;8.11515636871
1196;PRENOM_Clara;F;B;53.0;94;2015-02-07;16.9531201873
1385;PRENOM_Clara;F;C;53.6;10;2014-08-03;23.129838395
1649;PRENOM_Clara;G;B;56.0;83;2015-12-03;7.1295098462
1804;PRENOM_Clara;F;B;56.0;11;2015-06-26;12.3862912996
1847;PRENOM_Clara;G;B;58.0;22;2014-10-26;20.370028132
1598;PRENOM_Clara;G;C;58.4;6;2014-02-22;28.4523296166
2080;PRENOM_Clara;F;B;59.0;36;2014-09-05;22.0456272203
1438;PRENOM_Clara;F;B;60.0;25;2016-01-09;5.9138791351
1449;PRENOM_Camille;F;A;18.8;65;2016-05-04;2.10271258137
1900;PRENOM_Camille;G;A;22.8;79;2016-01-28;5.2896363375
1466;PRENOM_Camille;G;B;26.0;70;2014-09-16;21.6842234953
1285;PRENOM_Camille;G;C;29.6;94;2016-03-05;4.0740056264
1048;PRENOM_Camille;F;B;32.0;90;2015-06-22;12.517710836
1270;PRENOM_Camille;F;B;34.0;42;2015-05-30;13.2733731699
1121;PRENOM_Camille;G;A;34.8;2;2015-12-22;6.5052670486
1879;PRENOM_Camille;F;B;36.0;19;2014-06-02;25.1668412082
1953;PRENOM_Camille;F;A;38.0;88;2015-07-22;11.5320643134
1250;PRENOM_Camille;G;A;44.4;21;2015-12-16;6.70239635311
1124;PRENOM_Camille;F;B;45.0;6;2015-03-12;15.8689090125
1660;PRENOM_Camille;F;A;49.2;16;2015-04-24;14.4561489969
1102;PRENOM_Camille;F;B;50.0;19;2015-01-24;17.4130885644
1851;PRENOM_Camille;F;B;51.0;66;2016-03-11;3.8768763219
2040;PRENOM_Camille;F;B;51.0;69;2014-11-19;19.581510914
1644;PRENOM_Camille;F;B;52.0;65;2015-10-05;9.06794800715
1629;PRENOM_Camille;F;B;53.0;23;2014-10-15;20.7314318569
1583;PRENOM_Camille;F;B;54.0;85;2015-08-07;11.0063861681
1286;PRENOM_Camille;F;B;55.0;76;2014-11-11;19.8443499867
1062;PRENOM_Camille;F;B;57.0;42;2015-04-19;14.6204234173
1603;PRENOM_Camille;G;B;59.0;79;2014-12-04;19.0886876527
2044;PRENOM_Camille;F;C;66.8;89;2015-04-07;15.0146820263
1312;PRENOM_Arthur;F;A;21.2;23;2015-08-26;10.3821433705
1033;PRENOM_Arthur;F;B;26.0;7;2015-07-11;11.8934680384
1903;PRENOM_Arthur;F;B;31.0;36;2015-07-29;11.3020801248
1877;PRENOM_Arthur;F;A;35.6;17;2015-02-18;16.5917164624
1552;PRENOM_Arthur;F;B;39.0;77;2014-11-29;19.2529620731
1858;PRENOM_Arthur;F;B;39.0;73;2016-02-17;4.63253865582
2000;PRENOM_Arthur;F;B;39.6842300557;2;2014-07-26;23.3926774677
1407;PRENOM_Arthur;F;B;40.0;38;2016-01-06;6.01244378735
1443;PRENOM_Arthur;F;B;42.0;91;2014-07-05;24.0826300335
1447;PRENOM_Arthur;F;B;42.0;36;2014-09-29;21.2571100023
1335;PRENOM_Arthur;F;A;46.0;79;2015-06-06;13.0433889813
2013;PRENOM_Arthur;F;B;47.0;54;2016-02-03;5.092507033
1904;PRENOM_Arthur;F;A;50.0;11;2015-10-06;9.03509312306
1373;PRENOM_Arthur;F;B;53.0;75;2014-09-12;21.8156430317
1786;PRENOM_Arthur;F;B;56.0;53;2015-01-04;18.0701862461
2060;PRENOM_Alice;F;A;20.4;61;2015-12-23;6.47241216452
1531;PRENOM_Alice;F;B;22.0;7;2016-01-16;5.68389494651
1074;PRENOM_Alice;G;A;22.8;17;2016-04-27;2.33269676995
1591;PRENOM_Alice;F;A;27.6;45;2016-02-25;4.36969958315
1141;PRENOM_Alice;G;C;28.4;77;2015-06-30;12.2548717633
1908;PRENOM_Alice;F;B;29.0;46;2014-11-12;19.8114951026
1236;PRENOM_Alice;F;A;29.2;14;2016-01-21;5.51962052609
1507;PRENOM_Alice;G;A;29.2;7;2016-03-21;3.54832748106
1125;PRENOM_Alice;G;B;30.0;89;2015-09-29;9.26507731165
1807;PRENOM_Alice;F;B;32.0;53;2016-01-09;5.9138791351
1880;PRENOM_Alice;G;A;32.4;85;2015-06-17;12.6819852564
1001;PRENOM_Alice;G;B;35.0;23;2016-03-14;3.77831166964
2061;PRENOM_Alice;G;B;35.0;89;2015-01-20;17.5445081008
1231;PRENOM_Alice;G;A;35.6;32;2015-03-22;15.5403601717
1663;PRENOM_Alice;F;C;40.4;76;2015-07-05;12.0905973429
1982;PRENOM_Alice;F;C;42.8;61;2014-12-09;18.9244132323
1756;PRENOM_Alice;G;B;43.0;59;2014-10-12;20.8299965092
1310;PRENOM_Alice;G;B;44.0;11;2014-12-19;18.5958643915
1516;PRENOM_Alice;F;B;44.0;23;2015-12-19;6.60383170086
1113;PRENOM_Alice;G;B;52.0;58;2014-12-06;19.0229778846
2072;PRENOM_Alice;F;B;61.0;39;2015-12-19;6.60383170086
1836;PRENOM_Adam;F;A;20.4;94;2015-07-14;11.7949033861
1824;PRENOM_Adam;G;A;21.2;38;2015-02-28;16.2631676215
1253;PRENOM_Adam;F;A;23.6;67;2015-05-22;13.5362122426
2007;PRENOM_Adam;F;A;24.4;96;2016-02-17;4.63253865582
1566;PRENOM_Adam;G;A;25.2;11;2015-06-02;13.1748085176
1871;PRENOM_Adam;F;B;26.0;87;2015-01-25;17.3802336804
1248;PRENOM_Adam;F;A;26.8;41;2016-02-25;4.36969958315
1430;PRENOM_Adam;G;A;26.8;1;2016-01-09;5.9138791351
1795;PRENOM_Adam;F;B;27.0;9;2014-09-26;21.3556746545
1783;PRENOM_Adam;F;A;29.2;65;2016-03-05;4.0740056264
1101;PRENOM_Adam;F;A;33.2;1;2015-04-06;15.0475369104
1420;PRENOM_Adam;G;A;33.2;60;2015-03-01;16.2303127374
1432;PRENOM_Adam;F;A;34.0;66;2015-07-16;11.7291936179
1034;PRENOM_Adam;G;B;36.0;23;2014-11-12;19.8114951026
1376;PRENOM_Adam;F;A;36.4;49;2015-12-12;6.83381588944
1063;PRENOM_Adam;F;A;37.2;69;2015-06-08;12.9776792131
1329;PRENOM_Adam;F;A;40.4;56;2015-03-27;15.3760857512
1667;PRENOM_Adam;F;A;40.4;72;2016-02-19;4.56682888766
1883;PRENOM_Adam;G;B;41.0;4;2016-01-27;5.32249122159
1184;PRENOM_Adam;G;A;44.4;51;2015-03-23;15.5075052876
1464;PRENOM_Adam;F;B;51.0;96;2015-01-06;18.004476478
1404;PRENOM_Adam;F;B;54.0;43;2014-06-19;24.6083081788
1888;PRENOM_Adam;G;B;54.0;20;2015-03-28;15.3432308672
2046;PRENOM_Adam;F;B;54.0;25;2014-06-22;24.5097435266
1698;PRENOM_Adam;F;B;55.0;13;2015-01-11;17.8402020575
1760;PRENOM_Adam;F;B;55.0;43;2015-01-07;17.9716215939
1678;PRENOM_Adam;F;B;57.0;13;2014-09-17;21.6513686113
1853;PRENOM_Adam;G;B;59.0;80;2015-08-21;10.5464177909
1897;PRENOM_Adam;F;B;60.0;93;2015-09-29;9.26507731165
1613;PRENOM_Adam;G;B;61.0;64;2015-12-12;6.83381588944
1499;PRENOM_Adam;G;C;71.6;11;2016-03-06;4.04115074232
